<?xml version='1.0'?>
<!-- Copyright (c) Microsoft Corporation. All rights reserved. -->
<!-- Included from spec.xml -->

<mmlite-spec xmlns="x-schema:spec-schema.xml">

  <interface-group name="Activity">
    <P>Interface dealing with schedulable activities</P>
    <discussion>
      <P>This interface defines communication between user-level programs,
         who need to package themselves into schedulable activities, and the
         kernel, which does the scheduling.
         They derive from <B>IUnknown</B> and are remotable.</P>
    </discussion>
  </interface-group>

  <interface name="IActivity" type="PIACTIVITY" extends="IUnknown"
             iid="4525849f-b8a3-4f34-821d-11adbbd5e780">
    <P>The <B>IActivityFactory</B> interface allows clients to create
    instances of IActivity objects to pass into the scheduler.</P>

    <method name="GetProcess" type="PIPROCESS">
      <P></P>
    </method>

    <method name="CreateThread">
      <P>Creates a new thread of execution using the specified
      function and parameters. </P>
      <discussion>
        <P>There is no use for the return value of the thread's starting
        point function; i.e., that function returns void. </P> 

        <P>A newly created thread takes one reference to the creating
        process. When the thread exits, this reference is released. </P>

        <P>Many threads can run within the same process. Threads can
        also migrate into other processes, for example by invoking
        methods on objects implemented within some other process. When
        all threads within a process terminate, the process itself also
        terminates unless some other object or thread holds additional
        references to the process. </P> 

        <P>A newly created thread is scheduled with a time-sharing
        policy. Newly created real-time threads should register a time
        constraint as soon as feasible. </P> 

        <P>The number of threads is limited only by the amount of
        available main memory. </P>
      </discussion>
      <arg type="PIPROCESS" name="pProcess">
      <P>Process that this activity belongs to.</P>
      </arg>
      <arg type="THREAD_FUNCTION" name="pStart">
        <P>Specifies the address of the function to invoke as the
        starting point of the thread. See <A HREF="#">THREAD_FUNCTION</A>.</P>
      </arg>
      <arg type="THREAD_ARGUMENT" name="Arg">
        <P>Specifies the address of the parameter value(s) passed to
        the thread. This could be a single value or a pointer to a
        structure containing more than one value. See <A HREF="#">THREAD_ARGUMENT</A></P>
      </arg>
      <arg type="ADDR_SIZE" name="StackSize">
        <P>Specifies how large of a stack to allocate for the new
        thread. A value of 0 indicates no particular size requirement,
        and the system should use the default for this process (as set
        by the <I>IProcess::Init</I> method). </P>
      </arg>
      <arg type="PIVMVIEW" name="pVmView">
        <P></P>
      </arg>
      <arg type="PIACTIVITY *" name="ppNewActivity" direction="out">
        <P>Contains the address of an <A>IActivity</A> interface
        pointer which the method fills with a pointer to the created
        thread object. The reference count for the created thread
        object is incremented if, and only if, this parameter is
        non-NULL. </P>
      </arg>
      <example name="CreateThread"
               sample-file="../samples/baseif/createthread.cpp" />
      <see-also HREF="IBaseRtl.htm#CurrentProcess">CurrentProcess</see-also>
      <see-also HREF="IBaseRtl.htm#SleepUntil">SleepUntil</see-also>
    </method>

    <typedef name="PWORKINFO" type="struct _WORKINFO*">
    </typedef>
    <typedef name="PPWORKINFO" type="PWORKINFO*">
    </typedef>
    <typedef name="PACTINFO" type="struct _ACTINFO*">
    </typedef>
    <typedef name="WORK_ARGUMENT" type="void *">
      <P>The type of the argument to the entry point of a newly created thread.
      The <B>Arg</B> parameter to <A HREF="#">CreateThread</A>.</P>
    </typedef>
    <typedef name="WORK_SWITCH_FUNCTION" type="PACTINFO"
      arglist="PWORKINFO pNewWork, PPWORKINFO pOldWork"
      linkage="THREAD_LINKAGE">
      <P>The function that is called whenever the scheduler switches out of
         a work item. It returns the activity that should be added back to
         the ready queue for future reschedules.
      </P>
    </typedef>
    <typedef name="WORK_FUNCTION" type="PTR" arglist="WORK_ARGUMENT Arg"
      linkage="THREAD_LINKAGE">
      <P>The function that is called when a new thread starts takes one
      argument (the <B>Arg</B> parameter to <A HREF="#">CreateThread</A>) and
      does not return anything (the thread is terminated upon return).</P>
    </typedef>

    <method name="CreateWorkItem">
      <P>Creates a new work item. </P>
      <discussion>
      </discussion>
      <arg type="PIPROCESS" name="pProcess">
      <P>Process that this activity belongs to.</P>
      </arg>
      <arg type="WORK_FUNCTION" name="pStart">
        <P>Specifies the address of the function to invoke as the
        starting point of the thread. See <A HREF="#">THREAD_FUNCTION</A>.</P>
      </arg>
      <arg type="WORK_ARGUMENT" name="Arg">
        <P>Specifies the address of the parameter value(s) passed to
        the thread. This could be a single value or a pointer to a
        structure containing more than one value. See <A HREF="#">THREAD_ARGUMENT</A></P>
      </arg>
      <arg type="WORK_SWITCH_FUNCTION" name="SwitchFunction">
        <P>Specifies the address of the function to invoke as the
        starting point of the thread. See <A HREF="#">THREAD_FUNCTION</A>.</P>
      </arg>
      <arg type="PIACTIVITY *" name="ppNewWorkItem" direction="out">
        <P>Contains the address of an <A>IActivity</A> interface
        pointer which the method fills with a pointer to the created
        thread object. The reference count for the created thread
        object is incremented if, and only if, this parameter is
        non-NULL. </P>
      </arg>
    </method>    

    <method type="TIME" name="GetTimeUsage">
      <P>Gets the most recent proportion used by this constraint.</P>
      <discussion>
        <P></P>
      </discussion>
    </method>

    <method type="void" name="Exit">
      <P>Gets the most recent proportion used by this constraint.</P>
      <discussion>
        <P></P>
      </discussion>
    </method>

  </interface>


</mmlite-spec>
