<?xml version='1.0'?>
<!-- Copyright (c) Microsoft Corporation. All rights reserved. -->
<!-- Included from spec.xml -->

<mmlite-spec xmlns="x-schema:spec-schema.xml">

  <interface name="IBaseRtl" type="PIBASERTL" extends="IUnknown"
             iid="f3ba202f-01d8-47c7-8890-f79a4e0b7006" mygroup="Base" >
    <P>Base export table interface.</P>

    <discussion>
      <P>The base exports a number of functions as a runtime library. The functions of the library are enumerated by <A HREF="#">IBaseRtl</A>. Most of the functions are usually called as a flat API, i.e. without reference to the interface or an object. Most methods are also non-virtual (there is no <I>this</I> pointer).</P>
      <P>The functions are also available through a v-table through the object pointed to by the global variable <B>pTheBaseRtl</B>. That global variable is initialized by the runtime when a program is started.</P>
    </discussion>

    <constant name="DEVICE_FLAGS" prefix="DEVICE_FLAGS_" base="0" type="UINT">
      <P>Flags for <A HREF="#">AddDevice</A> and for driver configuration.</P>
      <constant-value name="NET_DRIVER" ordinal="1">
        <P>(Configure) This is a network driver.
        The driver object inherits from
        <A HREF="CNetDriver.htm">CNetDriver</A>.</P>
      </constant-value>
      <constant-value name="INTERRUPTS" ordinal="2">
        <P>(Configure) The driver takes interrupts.</P>
      </constant-value>
      <constant-value name="STACKED_DRIVER" ordinal="4">
        <P>(Configure) The driver takes another driver as an argument
        and builds on top of that driver.
        E.g. a mouse that works over a serial line.</P>
      </constant-value>
      <constant-value name="NAKED_ISR" ordinal="8">
        <P>Raw trap handler. XXX merge with ..._TRAP XXX.</P>
      </constant-value>
      <constant-value name="LEVEL_TRIGGER" ordinal="0x10">
        <P>Level rather than edge triggered.</P>
      </constant-value>
      <constant-value name="POSITIVE_LEVEL" ordinal="0x20">
        <P>Inverse polarity.</P>
      </constant-value>
      <constant-value name="MANUAL_START" ordinal="0x40">
        <P>Instruct device configuration manager to skip this entry.
        The device is started only when specifically mentioned.
        </P>
      </constant-value>
      <constant-value name="NO_THREAD" ordinal="0x80">
        <P>Instruct device configuration manager that no thread should be
        started for servicing this device even if there is a
        <A HREF="driverif.htm#ThreadLoop">ThreadLoop</A> method present.
        </P>
      </constant-value>

      <constant-value name="TRAP" ordinal="0x100">
        <P>(AddDevice) This is a raw trap handler rather than a regular
        device ISR.</P>
      </constant-value>
      <constant-value name="RAW_NUMBER" ordinal="0x200">
        <P>(AddDevice) The <B>Irq</B> parameter is a trap number rather than
        an interrupt number.</P>
      </constant-value>
      <constant-value name="USER_ACCESS" ordinal="0x400">
        <P>(AddDevice) The trap may be called from user mode without causing
        a GP fault (i386 only).</P>
      </constant-value>
      <constant-value name="SHARED_INTERRUPT" ordinal="0x800">
        <P>(Informational) The device shares interrupts with another device.
        If the machine dependent interrupt manager can't handle shared
        interrupts, the driver load will fail.</P>
      </constant-value>
      <constant-value name="LOCAL" ordinal="0x1000">
        <P>The interrupt is local to the current processor core.
        </P>
      </constant-value>
    </constant>    

    <struct name="MUTEX" dotype="true" doptype="false" initializer="{{0,}}">
      <P>A mutual exclusion object as operated on by the Mutex functions.</P>
      <see-also HREF="#Mutual Exclusion">Mutual Exclusion method group</see-also>
      <field name="_mutex_state" type="UINT" array="_MUTEX_STATE_SIZE">
        <P>The internal state of the mutex. The size is machine dependent.</P>
      </field>
    </struct>

    <struct name="CONDITION" dotype="true" doptype="false" initializer="{{0,}}">
      <P>A condition variable object as operated on by the Condition functions.</P>
      <see-also HREF="#Condition Variable">Condition Variable method group</see-also>
      <field name="_cond_state" type="UINT" array="_CONDITION_STATE_SIZE">
        <P>The internal state of the condition variable. The size is machine dependent.</P>
      </field>
    </struct>

    <struct name="_DefCob">
    </struct>

    <struct name="_ClassDesc">
    </struct>

    <struct name="CUnknown">
    </struct>

    <method-group name="Context">
      <P>Functions for dealing with current execution context of the running
      thread.</P>
      <discussion>
        <P>The Current* methods do not take a reference, rather the
        lifetime of the objects are protected by the existence of the
        current thread and module. If any of the return values is stored
        in variables whose lifetimes are not controlled in the same way,
        a reference needs to be taken with
        <A HREF="IUnknown.htm#AddRef">AddRef</A>.</P>
        <P>To get the current module, use the macro <A HREF="#">GetCurrentModule()</A>
        as described in
        <A HREF="#GetModuleContainsAddr">GetModuleContainsAddr</A>.
        Note that GetCurrentModule <I>does</I> take a reference that needs
        to be <A HREF="IUnknown.htm#Release">Release</A>d. The name is
        different to make this distinction explicit.</P>
      </discussion>
    </method-group>
    <method type="PINAMESPACE" name="CurrentNameSpace" virtual="false">
      <P>Returns a pointer to the <A>INameSpace</A> interface that is the
      process-specific namespace of the process of the current thread.
      In small configurations the initial namespace is shared between all
      processes. </P>
<example name="">
PINAMESPACE pNameSpc;

pNameSpc = CurrentNameSpace();
_tprintf(_TEXT("The current namespace interface pointer is %08x.\n"), 
              pNameSpc);
      </example>
      <notes>The reference count is not incremented. See <A HREF="#Context">method group note.</A></notes>
      <see-also>INameSpace</see-also>
    </method>
    <method type="PITHREAD" name="CurrentThread" virtual="false" >
      <P>Return a pointer to the thread object of the currently running thread.</P>
      <notes>The reference count is not incremented. See <A HREF="#Context">method group note.</A></notes>
      <see-also>IThread</see-also>
    </method>
    <method type="PIPROCESS" name="CurrentProcess" virtual="false" >
      <P>Return a pointer to the process object this thread was created in (dynamic scoping).</P>
      <notes>The reference count is not incremented. See <A HREF="#Context">method group note.</A></notes>
      <see-also>IProcess</see-also>
    </method>
    <method type="PIVMVIEW" name="CurrentVmView" virtual="false" >
      <P>Return a pointer to the current virtual memory view object or
      NULL if running in physical memory.</P>
      <notes>The reference count is not incremented. See <A HREF="#Context">method group note.</A></notes>
      <see-also>IVmView</see-also>
    </method>
    <method type="PIHEAP" name="CurrentHeap" virtual="false" >
      <P>Return default heap of this process.</P>
      <discussion><P>Note that memory allocated by <B>another process</B>
      may be allocated from a different heap so deallocating needs to
      be carefully done from the same original heap, which may or may
      not be what CurrentHeap returns.</P></discussion>
      <notes>The reference count is not incremented. See <A HREF="#Context">method group note.</A></notes>
      <see-also>IHeap</see-also>
    </method>
    <method type="string" name="ProcessImage" virtual="false" >
      <P>Return the name of the current process (statically scoped).</P>
    </method>
    <method type="string" name="ProcessArgs" virtual="false" >
      <P>Return the command line arguments of the current process
      (statically scoped).</P>
    </method>
    <method type="ADDRESS" name="GetPC" virtual="false">
      <P>Return the current program counter.</P>
    </method>
    <method type="void" name="ThreadExit" virtual="false" >
      <P>Terminate the currently running thread.</P>
      <notes>The thread and stack are deallocated, but any locks held by the thread or resources allocated by the thread should be released before exiting.  This function will not.</notes>
    </method>
    <method type="void" name="HWLoadThreadContext" virtual="false">
      <P>Low-level register set load.</P>
      <arg type="PCXTINFO" name="pCxt" >
        <P>The register set to be loaded. The structure is machine-specific.
        </P>
      </arg>
    </method>
    <method type="PIUNKNOWN" name="GenericCobInit" virtual="false">
      <P>Initialize component descriptor.</P>
      <arg type="PTR" name="Descriptor">
        <P>This is actually struct _CobDesc TBD.</P>
      </arg>
      <arg type="struct _DefCob *" name="CobObj" optional="true">
        <P>A subclass of _DefCob. When NULL, a _DefCob is
        automatically allocated.</P>
      </arg>
    </method>
    <method type="PTR" name="CUnknownInit" virtual="false">
      <P>Initialize v-tables etc. Optionally allocate memory.</P>
      <arg type="const struct _ClassDesc *" name="classd">
        <P>Class descriptor that the function uses to initialize the object.</P>
      </arg>
      <arg type="struct CUnknown *" name="This" optional="true">
        <P>The object to initialize. Iff the parameter is NULL, it will instead
        be automatically allocated.</P>
      </arg>
    </method>

    <method-group name="Atomic">
      <P>Functions for accessing data atomically.</P>
    </method-group>
    <method type="BOOL" name="AtomicCmpAndSwap" virtual="false">
      <P>Compare value of variable to given value and if equal, set the variable to a new value.</P>
      <discussion>
        <P>The whole operation is done atomically, which means that no other thread was able to modify the value in a way that would interfere with this function.  If other accesses to this variable are also atomic then this function will also not interfere with them.</P>
        <P>Other atomic operations can be built in terms of this primitive.</P>
      </discussion>
      <return-value value="TRUE">
        <P>The values compared the same and the variable was set to the new value.</P>
      </return-value>
      <return-value value="FALSE">
        <P>The values compared different and the variable was <I>NOT</I> set to the new value.</P>
      </return-value>
      <arg type="PUINT" name="pTarget" >
        <P>Pointer to the variable of interest.</P>
      </arg>
      <arg type="UINT" name="OldVal" >
        <P>The value to compare against.</P>
      </arg>
      <arg type="UINT" name="NewVal" >
        <P>The value to set the variable to if the old value was the same as OldVal.</P>
      </arg>
      <ifdef>!defined(__TCS__)</ifdef>
    </method>
    <method type="UINT" name="AtomicAdd" virtual="false">
      <P>Atomically add a value to a variable.</P>
      <return-value value="value">
        <P>Returns the new value of the variable.</P>
      </return-value>
      <arg type="PUINT" name="pTarget" >
        <P>Pointer to the variable of interest.</P>
      </arg>
      <arg type="UINT" name="Cnt" >
        <P>How much to add.</P>
      </arg>
    </method>
    <method type="UINT" name="AtomicSub" virtual="false">
      <P>Atomically subtract a value from a variable.</P>
      <return-value value="value">
        <P>Returns the new value of the variable.</P>
      </return-value>
      <arg type="PUINT" name="pTarget" >
        <P>Pointer to the variable of interest.</P>
      </arg>
      <arg type="UINT" name="Cnt" >
        <P>How much to subtract.</P>
      </arg>
    </method>
    <method type="UINT" name="AtomicDec" virtual="false">
      <P>Atomically subtract one from a variable.</P>
      <return-value value="value">
        <P>Returns the new value of the variable.</P>
      </return-value>
      <ifdef>!defined(__TCS__)</ifdef>
      <arg type="PUINT" name="pTarget" >
        <P>Pointer to the variable of interest.</P>
      </arg>
    </method>
    <method type="UINT" name="AtomicInc" virtual="false">
      <P>Atomically add one to a variable.</P>
      <return-value value="value">
        <P>Returns the new value of the variable.</P>
      </return-value>
      <ifdef>!defined(__TCS__)</ifdef>
      <arg type="PUINT" name="pTarget" >
        <P>Pointer to the variable of interest.</P>
      </arg>
    </method>
    <method type="UINT" name="AtomicSwap" virtual="false">
      <P>Atomically retrieve the value of a variable and set it to a new value.</P>
      <return-value value="value">
        <P>Returns the old value of the variable.</P>
      </return-value>
      <arg type="PUINT" name="pTarget" >
        <P>Pointer to the variable of interest.</P>
      </arg>
      <arg type="UINT" name="NewVal" >
        <P>The value to set the variable to.</P>
      </arg>
    </method>
    <method type="void" name="AtomicLIFOInsert" virtual="false">
      <P>Atomically add an item to the head of the queue.</P>
      <notes>Atomicity is only guaranteed between AtomicLIFOInsert and AtomicLIFORemove.</notes>
      <arg type="PTR *" name="pHead">
        <P>The queue.</P>
      </arg>
      <arg type="PTR" name="Item">
        <P>The item to add.</P>
      </arg>
    </method>
    <method type="PTR" name="AtomicLIFORemove" virtual="false">
      <P>Return the last value insterted by AtomicLIFOInsert and atomically remove it from the Last-in-First-out queue.</P>
      <return-value value="value">
        <P>Returns the item removed.</P>
      </return-value>
      <arg type="PTR *" name="pHead">
        <P>The queue.</P>
      </arg>
    </method>

    <method-group name="Mutual Exclusion">
      <P>Functions for providing serialized access to data.</P>
    </method-group>
    <method type="void" name="Mutex_Init" virtual="false">
      <P>Initializes a mutex object, appropriately setting its internal state.</P>
      <discussion>
        <P>This function must be called before any of the other functions
        in this category are used. </P>
        <P>Remember to call <A HREF="#">Mutex_Destroy</A> when the mutex is no
        longer needed. </P>
      </discussion>
      <example name="Mutex_Init usage">MUTEX mutex;    /* Previously defined mutex object. */

Mutex_Init(&amp;mutex);
...
Mutex_Destroy(&amp;mutex);</example>
      <arg type="PMUTEX" name="pmx" direction="out">
        <P>Address of the mutex object that the function initializes.</P>
      </arg>
    </method>
    <method type="void" name="Mutex_Destroy" virtual="false">
      <P>Deletes a mutex object from the system.</P>
      <discussion>
        <P>Call this method when you are done with a mutex object and no
        longer need it. If you previously locked the mutex object, make
        sure you unlock it before destroying it. Otherwise, any thread
        waiting for the object might never wake up. </P>
      </discussion>
      <arg type="PMUTEX" name="pmx" >
        <P>Address of the mutex object.</P>
      </arg>
      <example name="Mutex usage">MUTEX mutex;    /* Previously defined mutex object. */

Mutex_Init(&amp;mutex);
Mutex_Lock(&amp;mutex);
...
Mutex_Unlock(&amp;mutex);
Mutex_Destroy(&amp;mutex);</example>
    </method>

    <method type="void" name="Mutex_Lock" virtual="false">
      <P>Acquires a lock on a mutex object. If the mutex is currently held
      by another thread, the thread waits until the mutex is available. If
      the mutex is already held by the calling thread, a deadlock will
      occur. </P>
      <discussion>
        <P>If another thread has already acquired the lock on this
        mutex, the thread making the <A HREF="#">Mutex_Lock</A> call will be
        suspended. The thread will remain suspended until the current
        owner of the mutex unlocks it. At that point, the thread
        calling <A HREF="#">Mutex_Lock</A> gains ownership of the mutex and
        continues execution. If more than one thread was blocked while
        waiting on the same mutex, the system scheduler resumes
        execution of the most urgent thread. </P>

        <P>If a thread attempts to lock a mutex while already holding
        a lock on that same mutex, a deadlock results. A deadlock is a
        situation where one or more threads are forever blocking each
        other. In this case, a thread is holding a mutex and is the
        only one that can release it. By trying to lock the mutex
        again, the thread hopelessly blocks. If it is unknown whether
        the current thread owns a mutex, call <A HREF="#">Mutex_Locked</A>
        before calling <A HREF="#">Mutex_Lock</A>. More complicated locks can
        be implemented using the basic mutex primitives. For example,
        see the following implementation of the Win32 CRITICAL_SECTION
        object. </P>

        <P>To avoid waiting when the mutex is not available, call
        <A HREF="#">Mutex_TryLock</A>. </P>
      </discussion>
      <example name="Emulating another locking primitive using
      Mutex_TryLock and friends">typedef struct {
    MUTEX Lock;
    UINT LockCount;
} CRITICAL_SECTION;

void InitializeCriticalSection(CRITICAL_SECTION *pSection)
{
    Mutex_Init(&amp;pSection-&gt;Lock);
    pSection-&gt;LockCount = 0;
}

void EnterCriticalSection(CRITICAL_SECTION *pSection)
{
    if(Mutex_Locked(&amp;pSection-&gt;Lock)) {
        /* Already own this mutex. */
        pSection-&gt;LockCount++;
        return;
    }
    Mutex_Lock(&amp;pSection-&gt;Lock);
    pSection-&gt;LockCount = 1;
}

void LeaveCriticalSection(CRITICAL_SECTION *pSection)
{
    if(!Mutex_Locked(&amp;pSection-&gt;Lock))
        /* Bug! thread not owner! */
        return;
    if(--Section-&gt;LockCount == 0)
        Mutex_Unlock(&amp;pSection-&gt;Lock);
}</example>
      <arg type="PMUTEX" name="pmx" direction="inout">
        <P>Address of the mutex object to be locked. </P>
      </arg>
    </method>
    <method type="void" name="Mutex_Unlock" virtual="false">
      <P>Releases a previously acquired lock on a mutex object.</P>
      <arg type="PMUTEX" name="pmx" direction="inout">
        <P>Address of a mutex object to unlock.</P>
      </arg>
      <discussion>
        <P>Locked mutex objects must be unlocked before being
        destroyed. Otherwise, any thread waiting for the mutex object
        might never wake up.</P>

        <P>Calling this function results in a run time error if the
        calling thread does not own the lock on the mutex.</P>
      </discussion>
    </method>

    <method type="BOOL" name="Mutex_TryLock" virtual="false">
      <P>Attempts to acquire the lock on a mutex object. If the mutex
      is already locked, the function returns FALSE. If it is not
      locked by any thread, the function locks it and returns
      TRUE. This method is similar to <A HREF="#">Mutex_Lock</A>, except that
      it does not block on a locked mutex.</P>
      <return-value value="TRUE">
        if the mutex lock is acquired, otherwise FALSE.
      </return-value>
      <arg type="PMUTEX" name="pmx" >
        <P>Address of the mutex object to be locked.</P>
      </arg>
      <discussion>
        <P>One of the most typical uses for <A HREF="#">Mutex_TryLock</A> is to
        coordinate threads that must acquire locks on multiple
        mutexes. For example, suppose the normal order for acquiring
        locks is to lock A before locking B: </P>

        <P>Mutex_Lock(&amp;mutexA);
        Mutex_Lock(&amp;mutexB);
        </P>

        <P>If, however, one of the threads must lock B before locking
        A, then a deadlock is possible. Deadlock happens if one thread
        locks A but is unable to lock B, while the other thread locks
        B but is unable to lock A. The solution is for the thread not
        using the normal order (first A and then B) to call
        <A HREF="#">Mutex_TryLock</A> to attempt to lock A. If unsuccessful,
        the thread unlocks B, as well, and then tries again. The
        following example shows how the code for this algorithm
        works. </P>
      </discussion>

<example name="">try_again:
    Mutex_Lock(&amp;mutexB);

// This thread needs to lock A. Because this is not 
// the normal order, Mutex_TryLock must be used.

if (!Mutex_TryLock(&amp;mutexA)) {
    // Mutex A is already locked, so release both and try again.
    Mutex_Unlock(&amp;mutexB);
    goto try_again;
}</example>
    </method>

    <method type="BOOL" name="Mutex_Locked" virtual="false">
      <P>Determines if the current thread owns a lock on a specified
      mutex object.</P>
      <return-value value="TRUE">
          if the mutex is already locked by the calling thread,
          otherwise FALSE.
      </return-value>
      <arg type="const MUTEX *" name="pmx" >
        <P>Address of a mutex object.</P>
      </arg>
      <discussion>
        <P>Note the difference between <A HREF="#">Mutex_Lock</A>,
        <A HREF="#">Mutex_Locked</A>, and <A HREF="#">Mutex_TryLock</A>.</P>

    <P><A HREF="#">Mutex_Lock</A> waits until the mutex object is available. </P>
    <P><A HREF="#">Mutex_TryLock</A> doesn't wait, but returns an
    indication of its unavailability. </P>
    <P><A HREF="#">Mutex_Locked</A> simply checks to see if the calling
    thread already owns it.</P>
      </discussion>
      <example name="">MUTEX CheckForLock;    /* Allocate MUTEX structure. */

Mutex_Init(&amp;CheckForLock);    /* Initialize mutex object. */

/* Mutex_Lock(&amp;CheckForLock);  Uncomment this to see what happens. */

/* If a mutex is not already locked by the calling thread, acquire it.*/
if(Mutex_Locked(&amp;CheckForLock)) {
    printf(_TEXT("Thread already owns mutex.\r\n"));
} else {
    printf(_TEXT("Mutex isn't locked by thread.  Lock it.\r\n"));
    Mutex_Lock(&amp;CheckForLock);
}

/* Try this again with the mutex locked by thread. */
if(!(Mutex_Locked(&amp;CheckForLock))) {
    printf(_TEXT("System is corrupted.\r\n"));
} else {
    printf(_TEXT("Thread definitely owns the mutex.
                  Unlock it.\r\n"));
    Mutex_Unlock(&amp;CheckForLock);
}

Mutex_Destroy(&amp;CheckForLock);</example>
    </method>

    <method-group name="Condition Variable">
      <P>Functions that let threads wait for events.</P>
    </method-group>
    <method type="void" name="Condition_Init" virtual="false">
      <P>Make a condition ready for use. Should be called for every condition
      prior to calling other methods.</P>
      <arg type="PCONDITION" name="pcnd" direction="out">
        <P>The condition to be initialized.</P>
      </arg>
    </method>
    <method type="void" name="Condition_Destroy" virtual="false">
      <P>Finalize condition. Any waiters are ignored and should be woken up prior to destruction.</P>
      <arg type="PCONDITION" name="pcnd" >
        <P>The condition to be destroyed.</P>
      </arg>
    </method>
    <method type="void" name="Condition_Signal" virtual="false">
      <P>Wake up one thread waiting for the condition.  If there are no waiters, the call has no effect.  The thread to be woken up is based primarily on urgency as defined by time constraints and secondarily on LIFO order.</P>
      <arg type="PCONDITION" name="pcnd" direction="inout">
        <P>The condition to be signalled.</P>
      </arg>
      <discussion>
        <P>This method will wake up the first thread (if any) that is currently
        waiting on a condition. However, the signalling is not
        remembered so any subsequent waits are unaffected by this
        call.</P>

        <P>Use <A HREF="#">Condition_Signal</A> when you want to wake up
        exactly one of the (potentially many) threads waiting on a
        condition variable. If you have multiple threads waiting on a
        condition variable and want to wake up all of them, call
        <A HREF="#">Condition_Broadcast</A> instead. </P>

        <P>A condition variable is often associated with some shared
        data structure. One thread may want to <I>wait</I> until the
        data structure satisfies a certain logic <I>condition</I>, and
        some other thread will change the data structure. This second
        thread will then <I>signal</I> that the change happened. This
        situation illustrates the names of the basic operations
        allowed on a condition variable. </P>

         <P>Note that the condition variable by itself cannot protect
         the shared data structure. It only acts as a synchronization
         device, allowing the suspension or resumption of
         threads. Mutexes are intended to provide the necessary mutual
         exclusion when accessing or modifying a shared data. The
         following example illustrates why condition variables and
         mutexes are so strictly related. In this example, the mutex
         variable <I>lock</I> links the <A HREF="#">Mutex_Lock</A> and the
         <A HREF="#">Condition_Wait</A>. </P>
      </discussion>
<example name="">CONDITION Cond;
MUTEX lock;
UINT State[2] = {1, 2};

/* Code executed by first thread. */
void checker(void)
{
    printf(_TEXT("Thread 1 checks the States.\n"));
    Mutex_Lock(&amp;lock);
    while(State[1] != State[2])
        Condition_Wait(&amp;Cond, &amp;lock, NULL);
    printf(_TEXT("State 1 and State 2 have the same value now.\n"));
    /* ...and they remain so until the lock is released. */
    Mutex_Unlock(&amp;lock);
}

/* Code executed by second thread. */
void modifier(void)
{
    Mutex_Lock(&amp;lock);
    printf(_TEXT("Thread 2 modifies the State now.\n"));
    State[1] = State[2} = 3;
    Mutex_Unlock(&amp;lock);
}
</example>
      <see-also HREF="#">Condition_Broadcast</see-also>
      <see-also HREF="#">Condition_Wait</see-also>
      <see-also HREF="#">Mutex_Lock</see-also>
      <see-also HREF="#">Mutex_Unlock</see-also>
    </method>
    <method type="BOOL" name="Condition_InterruptSignal" virtual="false">
      <P>Signal a condition from ISR context. While mutexes and other
      condition methods can not be called form an interrupt handler,
      this function is specifically suited from that purpose.</P>
      <return-value value="TRUE"><P>A thread was woken up and
      rescheduling is needed.</P></return-value>
      <return-value value="FALSE"><P>No need to run the scheduler. 
      The current thread should continue running.</P></return-value>
      <discussion>
        <P>The condition signalled by <A HREF="#">Condition_InterruptSignal</A>
        behaves like a binary semaphore, i.e. it remembers one
        signalling even if there are no waiters at the time of
        signalling.  In this case the first thread that subsequently
        waits on the
        condition will immediately wake up and the signal is
        forgotten.  This solves the race between signalling and
        wakeup, which is normally handled by a mutex, but as blocking
        is not possible in an ISR, the normal method is not
        applicable.  Because it is a <I>binary</I> semaphore,
        synchronization works and only works for one thread. One
        thread can wait for (consume) interrupts safely but if there
        are two or more, then only the first one wakes up even if the
        condition was previously InterruptSignalled multiple times. If
        there are multiple interrupt sources then the thread should
        loop for interrupts and Condition_Wait only once there is
        nothing to do.</P>
        <P>Condition_InterruptSignal must be called with interrupts
        disabled (as they are in an ISR).  This means that
        Condition_InterruptSignal is really only useful from interrupt
        code (where it is the only useable call).  Threads should use
        Condition_Signal and a mutexes for synchronization.</P>
      </discussion>
      <arg type="PCONDITION" name="pcnd" direction="inout">
        <P>The condition to be signalled.</P>
      </arg>
<example name="">CONDITION Cond;        /* Previously defined condition variable. */
BOOL WeGotAnInterrupt = FALSE;

/* Code fragment running in regular thread context. */
if(!WeGotAnInterrupt)
    /* It's OK if an interrupt comes right here. */
    Condition_Wait(&amp;Cond, NULL, NULL);
    ...

/* Code fragment running in interrupt context. */
    WeGotAnInterrupt = TRUE;
    Condition_InterruptSignal(&amp;Cond);
    ...
</example>
    </method>
    <method type="void" name="Condition_Broadcast" virtual="false">
      <P>Wake up all threads (if any) that are currently waiting on
      the condition.</P>
      <arg type="PCONDITION" name="pcnd" direction="inout">
        <P>The condition to be signalled.</P>
      </arg>
      <discussion>
        <P>This method will wake up all threads that are currently
        waiting on a condition. However, the signalling is not
        remembered so any subsequent waits are unaffected by this call.</P>

        <P>Use <A HREF="#">Condition_Broadcast</A> when you have multiple
        threads waiting on a condition variable and you want to wake
        up (activate) all of these threads at once. If you want to
        wake up only one of these threads, use <A HREF="#">Condition_Signal</A>
        instead. </P> 

        <P>In all other respects, <A HREF="#">Condition_Broadcast</A> is
        similar to <A HREF="#">Condition_Signal</A>. In particular, you should
        always own a mutex lock on any common data structure before
        checking that data structure's state and signaling a condition
        variable. </P>
      </discussion>
<example name="">#define NUMTHREADS 5
UINT NumThreads = NUMTHREADS;
CONDITION Cond;

/* Prototype for ConditionThread */
void THREAD_LINKAGE ConditionThread(THREAD_ARGUMENT arg);

void CRTAPI main()
{
    IThread *pThd(NUMTHREADS);
    UINT i;
    IProcess *pPrc;
    SCODE StatusCode;
    TIME wt;   

    Condition_Init(&amp;Cond);
    pPrc = CurrentProcess();
    for (i = 0; i &lt; NUMTHREADS; i++) {
        if((StatusCode = pPrc-&gt;CreateThread(ConditionThread, 
                         (THREAD_ARGUMENT)i, NULL, &amp;pThd[i])) != 0) {
        printf(_TEXT("Main: couldn't create thread %d. StatusCode is 
                     %x\r\n"), i, StatusCode);
        exit(0);
        }
        Int32ToInt64(wt, TIME_RELATIVE(TIME_MILLIS(20)));
        SleepUntil(wt);
        printf(_TEXT("Main: back from the CreateThread method that
                     created thread %d.\r\n"), i);
    }
    printf(_TEXT("Main: all threads created,
                  sleeping for 2 seconds.\r\n"));
        Int32ToInt64(wt, TIME_RELATIVE(TIME_SECONDS(2)));
        SleepUntil(wt);
    printf(_TEXT("Main: waking all threads.\r\n"));
    Condition_Broadcast(&amp;Cond);
    /* Force reschedule before destroy.
     * This ensures all threads wake up and run to completion.
     */
    Int32ToInt64(wt, TIME_RELATIVE(TIME_MILLIS(2)));
    SleepUntil(wt);
    printf(_TEXT("Main: destroying condition variable.\r\n"));
    Condition_Destroy(&amp;Cond);
    printf(_TEXT("Main: exiting.\r\n"));
}

void THREAD_LINKAGE ConditionThread(THREAD_ARGUMENT arg)
{
    INT self = (INT) arg;
    UINT NumThreadsAtexit;

    printf(_TEXT("Thread %d: before it must wait for main.\r\n"), self);
    Condition_Wait(&amp;Cond, NULL, NULL);
    printf(_TEXT("Thread %d: after main wakes it.\r\n"),
                 self);
    NumThreadsAtexit = AtomicDec(&amp;NumThreads);
    printf(_TEXT("Thread %d: end (%d threads left).\r\n"), self, 
                 NumThreadsAtexit);
}
</example>
      <see-also HREF="#">Condition_Destroy</see-also>
      <see-also HREF="#">Condition_Signal</see-also>
      <see-also HREF="#">Condition_Wait</see-also>
    </method>
    <method type="SCODE" name="Condition_Wait" virtual="false" optional="true">
      <P>Wait until the condition is signalled or the timeout
      expires.  The mutex is temporarily unlocked while the thread is
      blocked.</P>
      <P>If this is the first wait after a
      <A HREF="#">Condition_InterruptSignal</A> the call will return
      immediately.</P>
      <return-value value="E_TIMED_OUT">
        <P>The call timed out without the condition being signalled.</P>
      </return-value>
      <arg type="PCONDITION" name="pcnd" direction="inout">
        <P>The condition to wait on.</P>
      </arg>
      <arg type="PMUTEX" name="pmx" direction="inout" optional="true" >
        <P>A mutex that is atomically unlocked when the thread is blocked.  The mutex is retaken upon return.</P>
        <P>If <B>pmx</B> is NULL then the condition is unprotected.  This way is typically used together with <A HREF="#">Condition_InterruptSignal</A>.</P>
      </arg>
      <arg type="PTIME" name="pTimeout" optional="true" >
        <P>The maximum time to wait. If the timeout is either NULL or TIME_FOREVER, the call will never time out. If the timeout is zero or TIME_ORIGIN, the call will timeout immediately (if it would otherwise block).</P>
      </arg>

      <discussion>
        <P>Before calling this function, you will usually do two
        things, as illustrated in the following example.</P>

        <P>1. Lock the mutex that protects some shared variable(s). </P>
    <P>2. Loop while checking if the condition is satisfied. </P>

        <P>If no shared variables are involved (such as for simple
        sleep/wakeup pairs), there is no need for a mutex and the
        pMutex pointer can by NULL. </P>

        <P>The sequence of actions performed by the system for condition waiting involve the following steps.</P>

        <P>1. Check the condition state and return if the condition is
        already satisfied. (This occurs only when
        <A HREF="#">Condition_InterruptSignal</A> is used). </P>

    <P>2. If not satisfied, then unlock the mutex (if non-NULL) and
    wait on the condition variable. The mutex unlocking is
    necessary because it frees up other threads blocked on the
    same mutex. These other threads are the only ones that can
    possibly signal the condition and wake up the original
    thread. </P>

    <P>3. Once the condition is signaled and the thread wakes up,
    it immediately locks the mutex again. You do not need to
    reacquire the mutex lock explicitly; it is done within the
    <A HREF="#">Condition_Wait</A> function. </P>

    <P>4. The thread returns from the call and continues to run,
    once again owning the mutex lock. Eventually this lock should
    be released so other threads waiting on it can run. </P>

        <P>It is almost certainly a programming error to have
        different threads simultaneously wait on the same condition
        while specifying different mutexes. </P>
      </discussion>

<example name="">CONDITION Cond;
MUTEX Mutex;
INT SomeSharedVariable;

Condition_Init(&amp;Cond);
Mutex_Init(&amp;Mutex);
...
Waiting_Thread:

Mutex_Lock(&amp;Mutex);        /* Protect shared variable. */
while (! logical test of SomeSharedVariable ) {
    Condition_Wait(&amp;Cond, &amp;Mutex, NULL);
}
Mutex_Unlock(&amp;Mutex);
...
Mutex_Destroy(&amp;Mutex);
Condition_Destroy(&amp;Cond);
</example>

      <see-also HREF="#">Condition_Signal</see-also>
      <see-also HREF="#">Condition_InterruptSignal</see-also>
      <see-also HREF="#">Condition_Broadcast</see-also>
      <see-also HREF="#">Condition_WaitAndBeginConstraint</see-also>

    </method>
    <method type="SCODE" name="Condition_WaitAndBeginConstraint" virtual="false">
      <P>Like <A HREF="#">Condition_Wait</A> with the addition that the thread
      will assume the given constraint when it is woken up.</P>
      
      <return-value value="E_TIMED_OUT">
        <P>The call timed out without the condition being signalled.</P>
        <P>The new constraint was not assumed XXX CHECK THIS.</P>
      </return-value>
      <return-value value="S_OUTATIME">
        <!--
          <P>The previous constraint (endprev=TRUE) overran its deadline.</P>
        -->
        <P>Constraint deadline cannot be satisfied, given the
          constraint estimated time. If both this value and
          E_TIMED_OUT could be returned, S_OUTATIME takes
          precedence. </P>

      </return-value>
      <arg type="PCONDITION" name="pcnd" direction="inout">
        <P>The condition to wait on.</P>
      </arg>
      <arg type="PMUTEX" name="pmx" direction="inout" optional="true">
        <P>The mutex to atomically unlock during the wait or NULL for none.</P>
      </arg>
      <arg type="PTIME" name="pTimeout" optional="true">
        <P>The maximum time to wait or NULL for eternal.</P>
      </arg>
      <arg type="BOOL" name="endprev" >
        <P>FALSE for nested constraints, TRUE for replacing the old constraint with a new one (like <A HREF="#">endprev</A> in <A HREF="#">BeginConstraint</A>).</P>
      </arg>
      <arg type="PTIME_CONSTRAINT" name="pcval" >
        <P>A <A HREF="IThread.htm#TIME_CONSTRAINT">TIME_CONSTRAINT</A> to assume after wakeup.</P>
      </arg>
      <arg type="PTIME" name="pttaken" direction="out" optional="true">
        <P>Feedback: how long did the previous constraint actually take.  Only valid when <B>endprev</B> is TRUE.</P>
      </arg>

      <discussion>
        <P>Except for the constraint, this function works in all
        respects like <A HREF="#">Condition_Wait</A> except that it presents the
        potential for the S_OUTATIME result. See the
        <A HREF="#">Condition_Wait</A> function topic for more information. </P>
      </discussion>
<example name="">#define NUMTHREADS 3
CONDITION Cond;

void THREAD_LINKAGE ConditionThread(THREAD_ARGUMENT arg)
{
    INT self = (INT) arg;
    TIME HalfSec = TIME_MILLIS(500);
    TIME TwoSec = TIME_SECONDS(2);
    TIME_CONSTRAINT Constraint;
    /* 3 sec wait. */
    TIME TimeOut = TIME_RELATIVE(TIME_SECONDS(3));
    SCODE StatusCode;

    Constraint.Start = 0;
    Constraint.Criticality = CRITICAL;
    switch (self) {
        case 0: 
            TimeOut = TIME_RELATIVE(TIME_SECONDS(3)); /*3 sec wait*/
            Constraint.Estimate = TwoSec;
            Constraint.Deadline = TIME_RELATIVE(HalfSec);
            break;
        case 1: 
            TimeOut = TIME_RELATIVE(TIME_MILLIS(300)); /*300 ms wait*/
            Constraint.Estimate = HalfSec;
            Constraint.Deadline = TIME_RELATIVE(TwoSec);
            break;
        case 2: 
            TimeOut = TIME_RELATIVE(TIME_SECONDS(3)); /*3 sec wait*/
            Constraint.Estimate = HalfSec;
            Constraint.Deadline = TIME_RELATIVE(TwoSec);
            break;
    }
    printf(_TEXT("Thread %d: before it must wait for main.\r\n"), self);
    StatusCode = Condition_TimedWaitAndBeginConstraint(&amp;Cond,
                  NULL, TimeOut, FALSE, &amp;Constraint, NULL);
    printf(_TEXT("Thread %d: after its wait has timed-out or when main
                 wakes it.\r\n"), self);
    switch (StatusCode) {
        case E_TIMED_OUT:
            printf(_TEXT("Thread %d: Max wait time elapsed before
                         condition was signaled.\r\n"), self);
            break;
        case S_OUTATIME:
            printf(_TEXT("Thread %d: Out of time. Need code to reduce
                         task load.\r\n"), self);
            break;
        case S_OK:
            printf(_TEXT("Thread %d: Begin normal tasks.\r\n"), self);
            break;
        default:
            printf(_TEXT("Error specifying the constraint.\r\n"));
    }
}

void CRTAPI main()
{
    IThread *pThd[NUMTHREADS];
    UINT i;
    IProcess *pPrc;
    SCODE StatusCode;
    TIME wt;      

    Condition_Init(&amp;Cond);
    pPrc = CurrentProcess();
    for (i = 0; i &lt; NUMTHREADS; i++) {
        if((StatusCode = pPrc-&gt;CreateThread(ConditionThread, 
                         (THREAD_ARGUMENT)i, 0, NULL, &amp;pThd[i])) != 0) {
            printf(_TEXT("Main: couldn't create thread %d. StatusCode is 
                         %x\r\n"), i, StatusCode);
            exit(0);
        }
        Int32ToInt64(wt, TIME_RELATIVE(TIME_MILLIS(20)));
        SleepUntil(wt);
        printf(_TEXT("Main: back from the CreateThread method that
                     created thread %d.\r\n"), i);
    }
    printf(_TEXT("Main: sleeping for 2 seconds.\r\n"));
        Int32ToInt64(wt, TIME_RELATIVE(TIME_SECONDS(2)));
        SleepUntil(wt);
    printf(_TEXT("Main: waking all threads.\r\n"));
    Condition_Broadcast(&amp;Cond);
}
</example>
      <see-also HREF="#">Condition_Signal</see-also>
      <see-also HREF="#">Condition_Wait</see-also>
    </method>

    <method-group name="Time Management">
      <P>Functions for scheduling control and timed delays.</P>
      <see-also HREF="#">Condition_TimedWait</see-also>
      <see-also HREF="#">Condition_WaitAndBeginConstraint</see-also>
      <see-also HREF="#">Condition_TimedWaitAndBeginConstraint</see-also>
    </method-group>
    <method type="SCODE" name="BeginConstraint" virtual="false">
      <P>Sets a real-time constraint for the current thread and
      optionally ends the previous constraint.</P>
      <return-value value="S_OK">
        <P>Meeting the constraint deadline is still possible.</P>
      </return-value>
      <return-value value="S_OUTATIME">
        <P>Constraint deadline will likely not be met, as estimated by the
        scheduler.</P>
      </return-value>
      <arg  type="BOOL" name="endprev" >
        <P>TRUE indicates that the previous constraint is to end
        before beginning the new constraint. This has the same effect
        as calling <A HREF="#">EndConstraint</A> before
        <A HREF="#">BeginConstraint</A>. </P>
      </arg>
      <arg type="PTIME_CONSTRAINT" name="pcval" >
        <P>Address of a <A HREF="#">TIME_CONSTRAINT</A> structure containing
        constraint settings.  </P>
      </arg>
      <arg type="PTIME" name="pttaken" direction="out" optional="true">
        <P>Address of a <A HREF="#">TIME</A> value, which the function sets to
        the time taken since the previous constraint's time
        measurement began. The function sets this value only if
        <I>EndPreviousConstraint</I> is TRUE and this pointer is
        non-NULL. If <I>EndPreviousConstraint</I> is not TRUE, then
        <I>pTimeTaken</I> is ignored. </P>
      </arg>
      <discussion>
        <P>When the value S_OUTATIME is returned, the thread is
        strongly encouraged to attempt not to perform all the work
        that would be done in the normal case. This provides a means
        for implementing load shedding in response to transient
        overload conditions. It is possible that the deadline had been
        missed already. </P>

        <P>If <I>EndPreviousConstraint</I> is TRUE, a value is
        optionally returned to <I>pTimeTaken</I> for the thread's own
        execution time since the beginning of the previous
        constraint. This information can be used as a feedback
        mechanism for making more accurate estimates during subsequent
        iterations. It enables you to write real-time code that
        dynamically adapts to the processor speed and the effects of
        caching on execution time. </P> 

        <P>If <I>EndPreviousConstraint</I> is FALSE and there is an
        existing constraint, the new constraint is nested. The system
        handles nested constraints by comparing all constraints that
        are active and using the most tightly constrained values for
        scheduling. Thus, a new constraint may impose a tougher
        deadline, but if a previous constraint has the setting
        CRITICAL, the new constraint cannot lower the criticality. Yet
        all constraints are managed independently, in a stacklike
        mechanism, so that the next call to <A HREF="#">EndConstraint</A> ends
        the most tightly nested of currently active constraints. </P>

      </discussion>
      <example name="">TIME_CONSTRAINT constraint;
TIME time_taken;
SCODE sc;
TIME half_second = TIME_MILLIS(500);    // 500 milliseconds
TIME two_seconds = TIME_SECONDS(2);     // 2 seconds
...

// set up constraint structure
constraint.Start = 0;                             // any time is okay
constraint.Estimate = half_second;                    // relative time
constraint.Deadline = CurrentTime() + two_seconds;    // deadline
constraint.Criticality = NONCRITICAL;

// begin constraint
sc = BeginConstraint(FALSE, &amp;constraint, NULL);
// see what the scheduler predicts
if (sc == S_OUTATIME) {
    // scheduler estimates deadline cannot be met;
    // so attempt to reduce task load here
} else {
    // begin normal task
}
...
// end the constraint and see how long task took
sc = EndConstraint(&amp;time_taken);</example>
    </method>
    <method type="SCODE" name="EndConstraint" virtual="false">
      <P>Ends the current constraint and reports the time taken since
      the constraint began. The execution constraints that existed
      before the current constraint began are restored. If no previous
      constraints exist, the thread reverts to time-sharing
      scheduling, which is the initial scheduling policy for a newly
      created thread.</P>
      <arg  type="PTIME" name="pttaken" direction="out" optional="true">
        <P>Address of a <A HREF="#">TIME</A> value, which the function sets to the time taken. </P>
      </arg>
      <discussion>
        <P>The value returned through <I>pTimeTaken</I> is the actual
        execution time of the thread itself, between the time the
        current constraint began and now. This time does not include
        the execution time of any other threads, so it can be used as
        a reliable feedback mechanism for time estimates. In
        particular, if you are about to start a new constraint and the
        thread is continuing to execute the same scope of work (as,
        for example, in a loop), the value returned through
        <I>pTimeTaken</I> can be effectively used as the estimate
        value for the new constraint. A more refined scheme might use
        the longest execution time (excluding the first iteration) to
        account for cache timing irregularities. </P>

        <P>A call to <A HREF="#">EndConstraint</A> does not mean that the
        thread is ending its execution (see <A HREF="#">ThreadExit</A>). It
        simply indicates the end of the task associated with the last
        constraint. </P>
      </discussion>
    </method>
    <method type="TIME" name="CurrentTime" virtual="false">
      <P>Gets the current system time.</P>
      <discussion>
        <P>The <A HREF="#">TIME</A> type represents time as a number of
        100-nanosecond intervals. </P>
      </discussion>

      <example name="Get the system time">
TIME RightNow;
RightNow = CurrentTime();</example>
    </method>
    <method type="SCODE" name="SleepUntil" virtual="false" optional="true">
      <P>Pauses execution of the current thread until a specified
      time, or until a specified amount of time has passed.</P>
      <arg  type="TIME" name="Until">
        <P>A <A HREF="#">TIME</A> value that specifies when the thread is to
        "wake up." When positive, <I>Until</I> specifies an absolute
        time. When negative, <I>Until</I> specifies a relative
        time. </P>
      </arg>
      <discussion>
        <P>The <A HREF="#">TIME</A> type represents time as a number of
        100-nanosecond intervals. </P>
      </discussion>
      <example name="Pause the current thread for 182 seconds.">SleepUntil(TIME_RELATIVE(TIME_SECONDS(182)));
...
// Pause the current thread for 182 seconds from the current time.
SleepUntil(CurrentTime() + TIME_SECONDS(182));</example>
    </method>
    <method type="void" name="Delay" virtual="false">
      <P>Places the current thread in a loop until a specified amount
      of time has passed.</P>
      <arg  type="UINT" name="MicroSeconds">
        <P>Specifies a relative time to delay in microseconds. </P>
      </arg>
      <discussion>
        <P>The affected thread is not suspended. This function is
        useful in device drivers or interrupt service routines to wait
        a short time (for example, 1-2 microseconds) until some
        hardware circuitry settles. A microsecond is 1 millionth of a
        second (1x10-6 seconds). </P>
      </discussion>
      <example name="">volatile UINT *pDeviceRegister = (volatile UINT *) 0xbad0bad0;
*pDeviceRegister = 0x32;
/* Wait until register write settles. */
Delay(2);
/* Should be clear by now, but check. */
while(*pDeviceRegister != 0)
    Delay(1);</example>
    <see-also HREF="#">SleepUntil</see-also>
    </method>

    <method-group name="Module">
      <P>Functions for dealing with currently loaded modules..</P>
    </method-group>
    <method name="BaseInheritClass" virtual="false">
      <P>Copy all methods that are NULL in VTable from class ClassName.</P>
      <arg type="ADDRESS *" name="VTable" direction="inout">
        <P>The VTable to be filled in.</P>
      </arg>
      <arg type="string" name="ClassName">
        <P>Name of class as registered by BaseInheritClass.</P>
      </arg>
      <arg type="REFIID" name="iid">
        <P>Type check.</P>
      </arg>
    </method>
    <method name="BaseRegisterClass" virtual="false">
      <P>Register a class so that it can be used by InheritClass.</P>
      <arg type="const ADDRESS *" name="VTable" optional="true">
        <P>The methods. NULL to unregister.</P>
        <discussion>
          <P>The caller is expected to keep the pointer valid until it
          unregisters the class.
          </P>
        </discussion>
      </arg>
      <arg type="UINT" name="MethodCount" >
        <P>Size of VTable.</P>
      </arg>
      <arg type="string" name="ClassName" >
        <P>Name that is used to identify class in BaseInheritClass.</P>
      </arg>
      <arg type="REFIID" name="iid">
        <P>For type checking. This is the interface id of the interface the class implements. When an interface changes a new iid should be generated using uuidgen.</P>
      </arg>
    </method>
    <method type="PIMODULE" name="LookupModule" virtual="false">
      <P>Get a handle to a previously loaded module.</P>
      <arg  type="string" name="pModName" >
        <P>The name of the module.</P>
      </arg>
      <arg type="UINT" name="VersionCheck" >
        <P>Versionnumber. Currently not used.</P>
      </arg>
    </method>
    <method type="SCODE" name="GetModuleNext" virtual="false">
      <P>Module iterator.  Deprecated.</P>
      <return-value value="S_FALSE"><P>last one.</P></return-value>
      <arg type="PIMODULE" name="Previous" optional="true">
        <P>Previous module (must be one returned by GetModuleNext!) or NULL.</P>
      </arg>
      <arg type="PIMODULE *" name="ppIModule" direction="out" >
        <P>Returns a module (with reference) here.</P>
      </arg>
      <discussion>
        <P>Get module objects one at a time.  Return the module that
           follows the one specified by Previous.  If Previous is NULL
           return the first entry. Return S_OK if found a module,
           S_FALSE if Previous was the last one, or an error code.
           Specifically return E_MOD_NOT_FOUND if Previous not valid,
           or if there are no loaded modules at all. [not implem for
           mmlite] This function takes a reference on the object it
           returns, if any. </P>
      </discussion>
    </method>
    <method type="SCODE" name="GetModuleContainsAddr" virtual="false">
      <P>Find a module given a memory address.</P>
      <see-also HREF="IModule.htm">IModule</see-also>

      <discussion>
        <P>In order to get the current module, use the macro
        <A HREF="include/mmlite.h.htm#GetCurrentModule">GetCurrentModule()</A>.
        It takes the current
        program counter and call GetModuleContainsAddr on it. Note that
        the module is returned with a reference (unlike the Current*
        methods), so an explicit Release() is needed.</P>
        <P>See <A HREF="#Context">method group note.</A></P>
      </discussion>
      <return-value value="E_OBJECT_NOT_FOUND"><P>if no match.</P></return-value>
      <arg type="ADDRESS" name="Addr" >
        <P>Address to search for, e.g. a program counter value.</P>
      </arg>
      <arg type="PIMODULE *" name="ppIModule" direction="out" >
        <P>Returns a module (with reference) here.</P>      
      </arg>
    </method>

    <method-group name="Utility">
      <P>Miscellanious utility functions.</P>
    </method-group>

    <method type="PTR*" name="CheckDelayedFree" virtual="false">
      <P>Frees up delayed deallocations, such as from thread termination.</P>
      <return-value value="pointer">
        <P>Returns pointer to global list. When the content is NULL,
        this function does not need to be called again.</P>
      </return-value>
    </method>

<!--
    <method type="PIHEAP" name="CreateHeapFrom" virtual="false">
      <P>Turn an unstructured and unused piece of memory into a structured heap that implements the IHeap interface.</P>
      <arg type="ADDRESS" name="Mem" >
        <P>The beginning of the memory to be used.</P>
        <P>The memory is used for both heap internal structures and for memory allocations from the new heap.</P>
      </arg>
      <arg type="HEAP_FLAGS" name="Flags" >
        <P>These flags control the default behavior of a heap.  For example setting HEAP_ZERO_MEMORY here makes all allocations from the new heap zero the memory.</P>
      </arg>
      <arg type="ADDR_SIZE" name="InitialSize" >
        <P>The amount of memory to commit initially to the heap.  The implementation is free to make this larger up to MaxSize.  If the heap is over virtual memory, this is the amount of paging space to allocate initially.</P>
      </arg>
      <arg type="ADDR_SIZE" name="MaxSize">
        <P>The size of the (virtual) memory block to allocate to the heap.  After MaxSize has been reached, further allocations will fail.</P>
      </arg>
    </method>
-->

    <method type="BOOL" name="UuidCmp" virtual="false">
      <return-value value="TRUE"><P>The ids are the same.</P></return-value>
      <return-value value="FALSE"><P>The ids are not the same.</P></return-value>
      <P>Determine whether two interface ids (universal unique identifiers) are
      the same.</P>
      <arg type="REFIID" name="Uuid1" >
        <P>The first id to compare (to the second).</P>
      </arg>
      <arg type="REFIID" name="Uuid2" >
        <P>The second id to compare (to the first).</P>
      </arg>
    </method>
    <method type="SCODE" name="AddDevice" virtual="false">
      <P>Adds an interrupt service routine for a device driver to the
      system.</P>
      <notes>The ISR must be removed before the driver that contains the code is unloaded. Otherwise any subsequent interrupt will jump to never-never-land. Use <A HREF="#">AddDevice</A> with a NULL ISR to unregister.</notes>
      <arg type="PTR" name="Device" optional="true">
        <P>Pointer to the device structure. The system makes no
        assumptions about it (it does not even have to be an object);
        it simply passes it to the ISR.
        When DEVICE_FLAGS_TRAP is used, the <A HREF="#">Device</A>
        parameter is ignored.</P>
      </arg>
      <arg type="PTR" name="Isr" optional="true">
        <P>Pointer to the interrupt service routine (ISR). If NULL,
        the ISR is removed. </P>
      </arg>
      <arg type="DEVICE_FLAGS" name="Flags" >
        <P>Flags that control the way the device is installed.
        Also the first parameter passed to the machine-dependent ISR
        installer.</P>
      </arg>
      <arg type="UINT" name="Irq" >
        <P>Second parameter passed to the machine-dependent ISR
        installer.</P>
      </arg>
      <arg type="PTR *" name="pOldObject" optional="true">
        <P>The previous device object registered at the same IRQ (if any)
        is returned here. No references are held by the interrupt manager.
        This means that any value meaningful to the ISR can be used.</P>
      </arg>
      <discussion>
        <P>The <I>pDevice</I> parameter is passed to the ISR upon
        every interrupt occurrence, allowing the same ISR to handle
        multiple instances of the same (type of) device. </P>

        <P>Chained interrupts, when supported by the interrupt
        dispatcher, make use of the <I>pNotMyInterrupt</I> parameter
        to the ISR. It should be set to TRUE by an ISR that does not
        recognize the interrupt. </P>

        <P>An ISR will normally return FALSE. If the ISR needs to wake
        up a thread for further processing it should invoke the
        <A HREF="#">Condition_InterruptSignal</A> routine, and return the BOOL
        value that routine invocation returns. A return value of TRUE
        indicates to the interrupt dispatcher to invoke the system
        scheduler to decide which thread should run next. </P>

        <P>To remove an interrupt service routine, use
        <A HREF="#">RemoveDevice</A>, which is a macro that uses
        <A HREF="#">AddDevice</A> with a NULL ISR. </P>

      </discussion>
      <example name="">/* This example is in C. */
struct MyDevice {
    volatile UINT *pInterruptDisableBit;
    CONDITION MyCondition;
} SomeDevice;

BOOL MCT MyIsr(struct MyDevice *pThis, BOOL *pNotMyInterrupt)
{
    UnusedParameter(pNotMyInterrupt);
    *pThis-&gt;InterruptDisableBit = 1;
    return Condition_InterruptSignal(&amp;pThis-&gt;MyCondition);
}

SCODE sc;
sc = AddDevice(&amp;SomeDevice, MyIsr, 0, 1, 0);
printf(_TEXT("Added ISR x%x(x%x) for IRQ %d, result is x%x\n"),
         MyIsr, &amp;SomeDevice, 1, sc);
</example>

      <see-also HREF="#">Condition_InterruptSignal</see-also>
    </method>
    <method type="SCODE" name="GenericQueryInterface" virtual="false">
      <P>A convenience function for doing the common task of QueryInterface.</P>
      <discussion>
        <P>This function covers the case when there is single
        inheritance and simple extension from IUnknown.  It compares
        againts IUnknown and the given interface id, returns a new
        reference to the object or the proper error code</P>
        <P>This function is usually called from an implementation of
        QueryInterface</P>
      </discussion>
      <see-also HREF="IUnknown.htm#QueryInterface">QueryInterface</see-also>
      <return-value value="E_NO_INTERFACE">
        <P>if the requested interface is not either IUnknown or that specified by <B>IidInterface</B>.</P>
      </return-value>
      <arg type="PIUNKNOWN" name="pThis" >
        <P>The object pointer to be AddRef'ed and returned in *ppObject upon success.</P>
      </arg>
      <arg type="REFIID" name="IidQuery" >
        <P>The interface that was given as an argument to QueryInterface.</P>
      </arg>
      <arg type="void **" name="ppObject" direction="out" >
        <P>A reference to pThis is returned here if the type check succeeded.</P>
      </arg>
      <arg type="REFIID" name="IidInterface" >
        <P>The id of the interface this object implements (besides IUnknown).</P>
      </arg>
    </method>
    <method type="void" name="StrFormat" virtual="false">
      <P>This is the basic formatter for printf, vsprintf, and friends.</P>
      <arg type="STRINGER" name="How" >
        <P>Formatting function.</P>
      </arg>
      <arg type="void *" name="Where" optional="true">
        <P>A buffer (or file or whatever) to format into.  This argument is given to the STRINGER function.</P>
      </arg>
      <arg type="string" name="Format" >
        <P>A printf style format string.  Floating point is not supported in small configurations.  %s is the same type as the format string (Unicode or Latin1 depending on whether _UNICODE is defined.  %hs is always 8-bit and %ls is always 16-bit (Unicode).</P>
      </arg>
      <arg type="va_list" name="Argp" optional="true">
        <P>The argument list as specified by stdarg.h</P>
      </arg>
    </method>

    <method type="SCODE" name="UNIMPLEMENTEDMethodSCODE" virtual="false">
      <P>Always returns E_NOT_IMPLEMENTED.</P>
    </method>

    <method type="ADDRESS" name="UNIMPLEMENTEDMethodZero" virtual="false">
      <P>Always returns zero or NULL.</P>
    </method>

    <method-group name="Compiler Support and Runtime">
      <P>Run-time functions shared between base and other components.</P>
    </method-group>
    <method type="void *" name="malloc" virtual="false">
      <P>Allocate uninitialized memory.</P>
      <arg type="size_t" name="size">
        <P>How much memory is needed.</P>
      </arg>
      <discussion>
        <P>malloc is the same as CurrentHeap()-&gt;Alloc() but perhaps
        a bit less to type and compatibility with legacy.</P>
      </discussion>
    </method>
    <method type="void" name="free" virtual="false">
      <P>Free memory previously allocated by malloc.</P>
      <arg type="void *" name="ptr" optional="true">
        <P>Pointer to memory to be freed.</P>
      </arg>
    </method>
    <method type="void*" name="memmove" virtual="false">
      <P>Copy bytes from one place to another.</P>
      <notes>If the memory may be partially overlapped use memcpy instead.
      </notes>
      <arg type="void *" name="dst" direction="out" size-is="size">
        <P>Destination.</P>
      </arg>      
      <arg type="const void *" name="src">
        <P>Source.</P>
      </arg>      
      <arg type="size_t" name="size">
        <P>Number of bytes.</P>
      </arg>      
    </method>
    <method type="string" ctype="_TCHAR *" name="_tcsncpy" virtual="false">
      <P>Copy characters until NUL is seen in source ot len.</P>
      <arg type="string" name="d" direction="out" size-is="len">
        <P>Destination.</P>
      </arg>      
      <arg type="string" name="s">
        <P>Source.</P>
      </arg>
      <arg type="size_t" name="len">
        <P>Maximum number of bytes.</P>
      </arg>      
    </method>

    <method-group name="Machine Specific">
      <P>Various machine specific run-time support functions shared between
         base and other components.</P>
    </method-group>
    <!-- i386 -->
<!--
    <method type="void **" name="DELETED_GetTlsPtr" virtual="false">
      <P>Minimal thread local storage support. Returns current threads
      TLS structure.  This is used by TlsAlloc and TlsFree. The use
      of this feature is not recommended.</P>
      <ifdef>defined(i386)</ifdef>
    </method>
    <method type="void" name="DELETED_InstallIsr" virtual="false">
      <P>Low level trap handler control for i386.</P>
      <notes>Exported for the benefit of the virtual memory page fault
             handler.</notes>
      <discussion><P>This function is usually not called directly but
      rather through AddDevice</P></discussion>
      <see-also HREF="#">AddDevice</see-also>
      <ifdef>defined(i386)</ifdef>
      <arg type="UINT" name="InterruptNumber" >
        <P>Which trap or IRQ to handle.</P>
      </arg>
      <arg type="ADDRESS" name="Isr" >
        <P>Address of raw trap handler (to be put into the IDT). Zero (0) for
        removal.</P>
      </arg>
      <arg type="UINT" name="RawTrapNumber">
        <P>TRUE: Treate InterruptNumber as a CPU trap number. FALSE:
        treat it as an IRQ number.</P>
      </arg>
      <arg type="UINT" name="UserAccessible" >
        <P>TRUE: allow user mode code to call this as a software
        interrupt or cause this trap. FALSE otherwise.</P>
      </arg>
    </method>
-->
    <method type="PTR" name="DosxPointer" virtual="false">
      <!-- Really returns PDOSX_INTERFACE -->
      <P>Returns dos extender control interface.</P>
      <notes>Only available on platforms with BIOS installed.</notes>
      <ifdef>defined(i386)</ifdef>
    </method>
    <method type="INT64" name="_allmul" virtual="false"
            convention="__stdcall" manual-declare="true" >
      <P>Visual Studio C Compiler support function.</P>
      <arg type="INT64" name="a1" />
      <arg type="INT64" name="a2" />
      <ifdef>defined(i386)</ifdef>
    </method>
    <method type="INT64" name="_alldiv" virtual="false"
            convention="__stdcall" manual-declare="true" >
      <P>Visual Studio C Compiler support function.</P>
      <arg type="INT64" name="a1"/>
      <arg type="INT64" name="a2"/>
      <ifdef>defined(i386)</ifdef>
    </method>
    <method type="INT64" name="_allrem" virtual="false"
            convention="__stdcall" manual-declare="true" >
      <P>Visual Studio C Compiler support function.</P>
      <arg type="INT64" name="a1"/>
      <arg type="INT64" name="a2"/>
      <ifdef>defined(i386)</ifdef>
    </method>
    <method type="INT64" name="_aulldiv" virtual="false"
            convention="__stdcall" manual-declare="true" >
      <P>Visual Studio C Compiler support function.</P>
      <arg type="INT64" name="a1"/>
      <arg type="INT64" name="a2"/>
      <ifdef>defined(i386)</ifdef>
    </method>
    <method type="INT64" name="_aullrem" virtual="false"
            convention="__stdcall" manual-declare="true" >
      <P>Visual Studio C Compiler support function.</P>
      <arg type="INT64" name="a1"/>
      <arg type="INT64" name="a2"/>
      <ifdef>defined(i386)</ifdef>
    </method>

    <!-- non-vstudio or debug -->
    <method type="void *" name="memcpy" virtual="false">
      <P>C runtime support shared between Base and other components.</P>
      <ifdef>(!(defined(i386) || defined(ppc)) || defined(_DEBUG) || !(!defined(_MSC_VER) || (_MSC_VER &lt; 1400)))</ifdef>
      <arg  type="void *" name="dst" direction="out" size-is="size" />
      <arg type="const void *" name="src" />
      <arg type="size_t" name="size" />
    </method>
    <method type="int" name="memcmp" virtual="false">
      <P>C runtime support shared between Base and other components.</P>
      <ifdef>(!(defined(i386) || defined(ppc)) || defined(_DEBUG))</ifdef>
      <arg  type="const void *" name="dst" size-is="size" />
      <arg type="const void *" name="src" />
      <arg type="size_t" name="size" />
    </method>
    <method type="void*" name="memset" virtual="false">
      <P>C runtime support shared between Base and other components.</P>
      <ifdef>(!(defined(i386) || defined(ppc)) || defined(_DEBUG) || !(!defined(_MSC_VER) || (_MSC_VER==1310)))</ifdef>
      <arg type="void*" name="dst" direction="out" size-is="size"/>
      <arg type="int" name="value" />
      <arg type="size_t" name="size" />
    </method>
    <method type="string" ctype="_TCHAR *" name="_tcscpy" virtual="false">
      <P>C runtime support shared between Base and other components.</P>
      <ifdef>(!(defined(i386) || defined(ppc)) || defined(_UNICODE) || defined(_DEBUG))</ifdef>
      <arg type="string" name="d" direction="out"/>
      <arg type="string" name="s"/>
    </method>
    <method type="string" ctype="_TCHAR *" name="_tcscat" virtual="false">
      <P>C runtime support shared between Base and other components.</P>
      <ifdef>(!(defined(i386) || defined(ppc)) || defined(_UNICODE) || defined(_DEBUG))</ifdef>
      <arg type="string" name="d" direction="inout"/>
      <arg type="string" name="s"/>
    </method>
    <method type="size_t" name="_tcslen" virtual="false">
      <P>C runtime support shared between Base and other components.</P>
      <ifdef>(!(defined(i386) || defined(ppc)) || defined(_UNICODE) || defined(_DEBUG))</ifdef>
      <arg type="string" name="s" />
    </method>

    <!-- compiler lacking 64 bit support -->
    <method type="INT64"  name="Int64Add" virtual="false">
      <P>64 bit support for compilers that don't have builtins.  See
      include/base/int64.h for macros.</P>
      <ifdef>defined(__NO_BUILTIN_INT64)</ifdef>
      <arg type="INT64" name="a"/>
      <arg type="INT64" name="b"/>
    </method>
    <method type="INT64"  name="Int64AddInt32" virtual="false">
      <P>64 bit support for compilers that don't have builtins.  See
      include/base/int64.h for macros.</P>
      <ifdef>defined(__NO_BUILTIN_INT64)</ifdef>
      <arg type="INT64" name="a"/>
      <arg type="INT32" name="b"/>
    </method>
    <method type="UINT64" name="Uint64AddUint32" virtual="false">
      <P>64 bit support for compilers that don't have builtins.  See
      include/base/int64.h for macros.</P>
      <ifdef>defined(__NO_BUILTIN_INT64)</ifdef>
      <arg type="UINT64" name="a"/>
      <arg type="UINT32" name="b"/>
    </method>
    <method type="INT64"  name="Int64Subtract" virtual="false">
      <P>64 bit support for compilers that don't have builtins.  See
      include/base/int64.h for macros.</P>
      <ifdef>defined(__NO_BUILTIN_INT64)</ifdef>
      <arg type="INT64" name="a"/>
      <arg type="INT64" name="b"/>
    </method>
    <method type="UINT64" name="Uint64SubtractUint32" virtual="false">
      <P>64 bit support for compilers that don't have builtins.  See
      include/base/int64.h for macros.</P>
      <ifdef>defined(__NO_BUILTIN_INT64)</ifdef>
      <arg type="UINT64" name="a"/>
      <arg type="UINT32" name="b"/>
    </method>
    <method type="INT64"  name="Int64LShift" virtual="false">
      <P>64 bit support for compilers that don't have builtins.  See
      include/base/int64.h for macros.</P>
      <ifdef>defined(__NO_BUILTIN_INT64)</ifdef>
      <arg type="INT64" name="a"/>
      <arg type="INT32" name="n"/>
    </method>
    <method type="INT64"  name="Int64RShift" virtual="false">
      <P>64 bit support for compilers that don't have builtins.  See
      include/base/int64.h for macros.</P>
      <ifdef>defined(__NO_BUILTIN_INT64)</ifdef>
      <arg type="INT64" name="a"/>
      <arg type="INT32" name="n"/>
    </method>
    <method type="UINT64" name="Uint64RShift" virtual="false">
      <P>64 bit support for compilers that don't have builtins.  See
      include/base/int64.h for macros.</P>
      <ifdef>defined(__NO_BUILTIN_INT64)</ifdef>
      <arg type="UINT64" name="a"/>
      <arg type="INT32" name="n"/>
    </method>
    <method type="INT64"  name="Int64TimesInt32" virtual="false">
      <P>64 bit support for compilers that don't have builtins.  See
      include/base/int64.h for macros.</P>
      <ifdef>defined(__NO_BUILTIN_INT64)</ifdef>
      <arg type="INT64" name="a"/>
      <arg type="INT32" name="b"/>
    </method>
    <method type="INT64"  name="Int64TimesInt64" virtual="false">
      <P>64 bit support for compilers that don't have builtins.  See
      include/base/int64.h for macros.</P>
      <ifdef>defined(__NO_BUILTIN_INT64)</ifdef>
      <arg type="INT64" name="a"/>
      <arg type="INT64" name="b"/>
    </method>
    <method type="INT64"  name="Int64DividedByInt32" virtual="false">
      <P>64 bit support for compilers that don't have builtins.  See
      include/base/int64.h for macros.</P>
      <ifdef>defined(__NO_BUILTIN_INT64)</ifdef>
      <arg type="INT64" name="a"/>
      <arg type="INT32" name="b"/>
    </method>
    <method type="INT64"  name="Int64DividedByInt64" virtual="false">
      <P>64 bit support for compilers that don't have builtins.  See
      include/base/int64.h for macros.</P>
      <ifdef>defined(__NO_BUILTIN_INT64)</ifdef>
      <arg type="INT64" name="a"/>
      <arg type="INT64" name="b"/>
    </method>

    <!-- arm armcc only -->
    <method type="void *" name="_memcpy" virtual="false">
      <P>ARMCC support.</P>
      <ifdef>defined(__ARMCC_VERSION)</ifdef>
      <arg  type="void *" name="dst" direction="out" />
      <arg type="const void *" name="src" />
      <arg type="size_t" name="size" />
    </method>

    <!-- arm gcc only -->
    <method type="void" name="__udivsi3" virtual="false">
      <P>Gcc on arm support.</P>
      <ifdef>!(!defined(arm) || !defined(__GNUC__))</ifdef>
    </method>
    <method type="int" name="__modsi3" virtual="false">
      <P>Gcc on arm support.</P>
      <arg type="int" name="dividend"/>
      <arg type="int" name="divisor"/>
      <ifdef>!(!defined(arm) || !defined(__GNUC__))</ifdef>
    </method>
    <!-- arm gcc 64 bit builtin support -->
    <method type="void" name="__divdi3" virtual="false">
      <P>Gcc on arm support.</P>
      <ifdef>!(!defined(arm) || !defined(__GNUC__) || defined(__NO_BUILTIN_INT64))</ifdef>
    </method>
    <method type="void" name="__muldi3" virtual="false">
      <P>Gcc on arm support.</P>
      <ifdef>!(!defined(arm) || !defined(__GNUC__) || defined(__NO_BUILTIN_INT64))</ifdef>
    </method>

    <!-- tm1 -->
    <method type="void" name="DebugBreak" virtual="false">
      <P>Debugging support, causes an exception that an attached debugger will handle.  On some systems it is a macro, on others a function.  Do not use in shipping code, only during development. It is unpredictable what would happen on a released system, on some it might crash and burn on some it might just terminate the thread. </P>
      <ifdef>defined(__TCS__)</ifdef>
    </method>
    <method type="unsigned int" name="_rt_udiv" virtual="false">
      <P>Trimedia compiler support, unsigned division.</P>
      <arg type="unsigned int" name="dividend"/>
      <arg type="unsigned int" name="divisor"/>
      <ifdef>defined(__TCS__)</ifdef>
    </method>
    <method type="int" name="_rt_idiv" virtual="false">
      <P>Trimedia compiler support, signed division.</P>
      <arg type="int" name="dividend"/>
      <arg type="int" name="divisor"/>
      <ifdef>defined(__TCS__)</ifdef>
    </method>
    <method type="unsigned int" name="_rt_umod" virtual="false">
      <P>Trimedia compiler support, signed modulus.</P>
      <arg type="unsigned int" name="dividend"/>
      <arg type="unsigned int" name="divisor"/>
      <ifdef>defined(__TCS__)</ifdef>
    </method>
    <method type="int" name="_rt_imod" virtual="false">
      <P>Trimedia compiler support, signed modulus.</P>
      <arg type="int" name="dividend"/>
      <arg type="int" name="divisor"/>
      <ifdef>defined(__TCS__)</ifdef>
    </method>

  </interface>

</mmlite-spec>
