<?xml version='1.0'?>
<!-- Copyright (c) Microsoft Corporation. All rights reserved. -->

<!-- Included from spec.xml -->
<mmlite-spec xmlns="x-schema:spec-schema.xml">

  <!-- ****** Components ****** -->

  <component-group name="Basics">
    <P>Basic, built-in components.</P>
  </component-group>

  <component name="builtin" docob="false">
    <P>A builtin default COB that is inherited by other components.</P>
    <concrete-class name="CUnknown" type="PCUNKNOWN">
      <implements prefix="CUnknown">IUnknown</implements>
      <P>A generic implementation that uses type desriptor.</P>
    </concrete-class>
    <concrete-class name="DefCob" type="PDEFCOB" super-class="CUnknown">
      <implements prefix="CUnknown">IUnknown</implements>
      <P>A generic implementation, used by GenericCobInit</P>
    </concrete-class>
  </component>

</mmlite-spec>
