<?xml version='1.0'?>
<!-- Copyright (c) Microsoft Corporation. All rights reserved. -->

<!-- Included from spec.xml -->

<mmlite-spec xmlns="x-schema:spec-schema.xml">

<!-- The bus driver -->

  <interface name="IBusDriver" type="PIBUSDRIVER" extends="IDevice"
             iid="812D001D-7383-40ec-86CC-0D076A1AFBB5" mygroup="Driver">

    <P>Interface for bus controllers.</P>

    <discussion>
      <P>Modern busses implement a configuration space for probing and finding
      the devices that are attached to the bus and might require special operations
      to access those devices.  PCI, AGP, PCI-express, HyperTransport etc etc
      all of these implement such spaces and require special sequences of instructions
      to access configuration space. These sequences depends on the implementation
      of the bus itself, and possibly on the specific machine configuration.
      Furthermore, busses can be cascaded via bridges which requires some
      knowledge of the machine's I/O topology.</P>
      <P>Access to the devices themselves might require either a regular
      memory access operation, or (as is the case for the x86) a special instruction.
      A given device might require either or both of these operations.
      A bus might also have a natural byte order that differs from the processor
      that is accessing it, for instance the PCI bus and the PPC processor.</P>
      <P>The IBusDriver interface exposes these operations to device drivers
      hiding the details and making the drivers more portable. It also allows
      for multiple implementations to coexist and for busses to be cascaded.</P>
    </discussion>

    <method name="ReadConfigurationSpace">
      <P>Access the configuration information of a given device.</P>
      <discussion>
        <P>On a configurable bus such as the PCI bus, the physical address to which
        a device answers is found in configuration space. At powerup, software in
        the machine's ROM (such as the BIOS or OpenFirmware) configures the bus for you,
        so it is best if the device driver does not do this. Even when there is no BIOS
        it is still best left to the implementation of the BusDriver object to assign
        physical addresses, in order to avoid unacceptable conflicts.</P>
        <P>Beware that there often are multiple busses on a machine.</P>
      </discussion>
      <arg name="BusNumber" type="UINT" >
        <P>The id for the bus, usually starts at zero.</P>
      </arg>
      <arg name="DeviceNumber" type="UINT" >
        <P>The id for the device, usually starts at zero.</P>
      </arg>
      <arg name="FunctionNumber" type="UINT" >
        <P>Usually zero, but a device might expose multiple sub-devices as functions 
        inside it. See the PCI bus for an example.</P>
      </arg>
      <arg name="RegisterNumber" type="UINT" >
        <P>The information desired. 
        This can be an offset in the device's configuration information space,
        starting at zero.</P>
      </arg>
      <arg name="Buffer" type="PTR"
           direction="inout" optional="false">
        <P>Where to returned the requested information.</P>
      </arg>
      <arg name="Length" type="UINT" >
        <P>The length of the requested information, in bytes.</P>
      </arg>
      <return-value value="E_OBJECT_NOT_FOUND">
        <P>Non existant device.</P>
      </return-value>
      <return-value value="E_INVALID_PARAMETER">
        <P>Something is wrong with the arguments.</P>
      </return-value>
    </method>

    <method name="WriteConfigurationSpace">
      <P>Modify the configuration information of a given device.</P>
      <discussion>
        <P>This method might be required to enable or disable a device.
        It is otherwise recommended that a device driver does not alter
        any configuration information without good cause.</P>
        <P>Beware that there often are multiple busses on a machine.</P>
      </discussion>
      <arg name="BusNumber" type="UINT" >
        <P>The id for the bus, usually starts at zero.</P>
      </arg>
      <arg name="DeviceNumber" type="UINT" >
        <P>The id for the device, usually starts at zero.</P>
      </arg>
      <arg name="FunctionNumber" type="UINT" >
        <P>Usually zero, but a device might expose multiple sub-devices as functions 
        inside it. See the PCI bus for an example.</P>
      </arg>
      <arg name="RegisterNumber" type="UINT" >
        <P>The information desired. 
        This can be an offset in the device's configuration information space,
        starting at zero.</P>
      </arg>
      <arg name="Buffer" type="PTR"
           direction="in" optional="false">
        <P>The new configuration data.</P>
      </arg>
      <arg name="Length" type="UINT" >
        <P>The length of the configuration data, in bytes.</P>
      </arg>
      <return-value value="E_OBJECT_NOT_FOUND">
        <P>Non existant device.</P>
      </return-value>
      <return-value value="E_INVALID_PARAMETER">
        <P>Something is wrong with the arguments.</P>
      </return-value>
    </method>

    <method name="ReadMemorySpace">
      <P>Access an I/O device's memory mapped register.</P>
      <discussion>
        <P>This method accesses one I/O register of the given granularity.
        </P>
      </discussion>
      <arg name="RegisterAddress" type="PTR" >
        <P>The virtual address of the I/O register.</P>
      </arg>
      <arg name="RegisterSize" type="UINT" >
        <P>The size of the I/O register, in bytes. Acceptable values are 1-2-4,
        possibly 8 on some (64bit) processors.</P>
      </arg>
      <arg name="Buffer" type="PTR"
           direction="inout" optional="false">
        <P>A buffer where to return the requested data.  
        It must be at least wide enough for the intended amount of data.
        Most processors require the buffer to be properly aligned.</P>
      </arg>
      <return-value value="E_NOT_IMPLEMENTED">
        <P>The processor does not support this type of access to I/O registers.</P>
      </return-value>
      <return-value value="E_INVALID_PARAMETER">
        <P>Something is wrong with the arguments.</P>
      </return-value>
    </method>

    <method name="WriteMemorySpace">
      <P>Modify an I/O device's memory mapped register.</P>
      <discussion>
        <P>This method accesses one I/O register of the given granularity.
        </P>
      </discussion>
      <arg name="RegisterAddress" type="PTR" >
        <P>The virtual address of the I/O register.</P>
      </arg>
      <arg name="RegisterSize" type="UINT" >
        <P>The size of the I/O register, in bytes. Acceptable values are 1-2-4,
        possibly 8 on some (64bit) processors.</P>
      </arg>
      <arg name="Buffer" type="PTR"
           direction="in" optional="false">
        <P>Pointer to the new value for the I/O register.  
        Most processors require the buffer to be properly aligned.</P>
      </arg>
      <return-value value="E_NOT_IMPLEMENTED">
        <P>The processor does not support this type of access to I/O registers.</P>
      </return-value>
      <return-value value="E_INVALID_PARAMETER">
        <P>Something is wrong with the arguments.</P>
      </return-value>
    </method>

    <method name="ReadIoSpace">
      <P>Access an I/O device's register, using special I/O instructions.</P>
      <discussion>
        <P>This method accesses one I/O register of the given granularity.
        </P>
      </discussion>
      <arg name="RegisterAddress" type="IO_PORT" >
        <P>The location of the register in I/O space.</P>
      </arg>
      <arg name="RegisterSize" type="UINT" >
        <P>The size of the I/O register, in bytes. Acceptable values are 1-2-4.</P>
      </arg>
      <arg name="Buffer" type="PTR"
           direction="inout" optional="false">
        <P>A buffer where to return the requested data.  
        It must be at least wide enough for the intended amount of data.</P>
      </arg>
      <return-value value="E_NOT_IMPLEMENTED">
        <P>The processor does not support this type of access to I/O registers.</P>
      </return-value>
      <return-value value="E_INVALID_PARAMETER">
        <P>Something is wrong with the arguments.</P>
      </return-value>
    </method>

    <method name="WriteIoSpace">
      <P>Modify an I/O device's register, using special I/O instructions.</P>
      <discussion>
        <P>This method accesses one I/O register of the given granularity.
        </P>
      </discussion>
      <arg name="RegisterAddress" type="IO_PORT" >
        <P>The location of the register in I/O space.</P>
      </arg>
      <arg name="RegisterSize" type="UINT" >
        <P>The size of the I/O register, in bytes. Acceptable values are 1-2-4.</P>
      </arg>
      <arg name="Buffer" type="PTR"
           direction="in" optional="false">
        <P>Pointer to the new value for the I/O register.  </P>
      </arg>
      <return-value value="E_NOT_IMPLEMENTED">
        <P>The processor does not support this type of access to I/O registers.</P>
      </return-value>
      <return-value value="E_INVALID_PARAMETER">
        <P>Something is wrong with the arguments.</P>
      </return-value>
    </method>

  </interface>




</mmlite-spec>

