<?xml version='1.0'?>
<!-- Copyright (c) Microsoft Corporation. All rights reserved. -->

<!-- Included from spec.xml -->

<mmlite-spec xmlns="x-schema:spec-schema.xml">

  <interface-group name="CLR">
    <P>Common Language Runtime interfaces.</P>
    <discussion>
      <P>This interface defines an interface into TinyCLR.
         It derives from <B>IUnknown</B> and are not remotable.</P>
    </discussion>
  </interface-group>

  <interface name="ICLR" type="PICLR" extends="IUnknown"
             iid="6e894e91-6bd2-4fe3-97bb-765fd97ec320">
    <P>CLR interface.</P>
    <notes>Extends IUnknown</notes>

    <method type="SCODE" name="LoadImage" >
      <P>Loads a compressed TinyCLR Image.</P>
      <discussion>
        <P></P>
      </discussion>
      <arg type="const _TCHAR *" name="pImage">
        <P>String that specifies the full image file name. This object is
        looked up in the <B>fs</B> namespace, it must be an IFile.</P>
      </arg>
      <arg type="const _TCHAR *" name="pArgs">
        <P>String that contains the command line arguments for the
        object specified in <I>pImage</I>. If there are no
        command line arguments, this value is NULL. </P>
      </arg>
      <arg type="LOAD_IMAGE_FLAGS" name="Flags">
        <P>Flags to control image activation, after loading it.
         See <A HREF="#">LOAD_IMAGE_FLAGS</A></P>
      </arg>
      <arg type="PIMODULE *" name="ppIModule" direction="out">
        <P>Contains the address of an <A>IModule</A> interface
        pointer that the method fills with a pointer to the object just loaded.
        The reference count for the created module object is incremented if
        this parameter is non-NULL.
        You can use <A HREF="IUnknown.htm#QueryInterface">QueryInterface</A> on
        this object to retrieve the corresponding <A>IProcess</A>
        interface object. </P>
      </arg>
    </method>

    <method type="SCODE" name="InvokeMethod" >
      <P>Invoke a method.</P>
      <discussion>
        <P></P>
      </discussion>
      <arg type="const _TCHAR *" name="pImage">
        <P>
          String that specifies the full image file name. This object is
          looked up in the <B>fs</B> namespace, it must be an IFile.
        </P>
      </arg>
      <arg type="const _TCHAR *" name="pClass">
        <P>
          String that specifies the full class name.
        </P>
      </arg>
      <arg type="const _TCHAR *" name="pMethod">
        <P>
          String that specifies the name of the method to invoke.
        </P>
      </arg>
      <arg type="const _TCHAR *" name="pArgs">
        <P>
          String that contains the arguments for the method.
        </P>
      </arg>
    </method>

    <method type="SCODE" name="Register" >
      <P>Invoke a method.</P>
      <discussion>
        <P></P>
      </discussion>
      <arg type="const _TCHAR *" name="pImage">
        <P>
          String that specifies the full image file name. This object is
          looked up in the <B>fs</B> namespace, it must be an IFile.
        </P>
      </arg>
      <arg type="const _TCHAR *" name="pClass">
        <P>
          String that specifies the full class name.
        </P>
      </arg>
      <arg type="const _TCHAR *" name="pArgs">
        <P>
          String that contains the arguments for the constructor.
        </P>
      </arg>
    </method>

    <method type="SCODE" name="InvokeMethod2" >
      <P>Invoke a method.</P>
      <discussion>
        <P></P>
      </discussion>
      <arg type="void *" name="pCont">
        <P>
          Continuation.
        </P>
      </arg>
    </method>

  </interface>

</mmlite-spec>
