<?xml version='1.0'?>
<!-- Copyright (c) Microsoft Corporation. All rights reserved. -->

<!-- Included from spec.xml -->
<mmlite-spec xmlns="x-schema:spec-schema.xml">

  <!-- ****** Components ****** -->

  <component-group name="gOther">
    <P>Other components.</P>
    <discussion>
      <P>These will be re-taxonimized later.</P>
    </discussion>
 
    <component name="Base1">
      <contains-concrete-class name="CNameSpace"/>
      <contains-concrete-class name="CNameRanges"/>
      <contains-concrete-class name="CThread"/>
      <contains-concrete-class name="CProcess"/>
      <contains-concrete-class name="BaseRtl"/>
      <contains-concrete-class name="CPic"/>
      <P>Base classes.</P>
    </component>

    <component name="StdBase">
      <contains-component>Base1</contains-component>
      <contains-concrete-class name="FirstFitHeap"/>
      <contains-concrete-class name="ConstraintScheduler"/>
      <P>Basic expandable configuration.</P>
    </component>

    <component name="MinimalBase">
      <contains-concrete-class name="NullHeap"/>
      <contains-concrete-class name="NullScheduler"/>
      <contains-concrete-class name="CPic"/>
      <P>Base minimal configuration.</P>
    </component>

    <component name="protocol">
<!--
      <contains-component>Tcp</contains-component>
      <contains-component>Ip</contains-component>
      <contains-component>Udp</contains-component>
      <contains-concrete-class name="CEndpoint"/>
      <contains-concrete-class name="CEndpointFactory"/>
      <contains-concrete-class name="MBufFactory"/>
      <contains-concrete-class name="ProtocolFactory"/>
-->
    </component>

  </component-group>

  <!-- ****** Profiles ****** -->

  <profile name="minimal">
    <contains-component>MinimalBase</contains-component>
    <P>Minimal system that does anything at all</P>
  </profile>

  <profile name="all">
    <contains-component>StdBase</contains-component>
    <P>Enumeration of all top-level components.</P>
  </profile>

</mmlite-spec>
