<?xml version='1.0'?>
<!-- Copyright (c) Microsoft Corporation. All rights reserved. -->

<!-- Included from spec.xml -->

<mmlite-spec xmlns="x-schema:spec-schema.xml">

  <interface-group name="Crypto">
    <P>Interfaces for cryptographic operations.</P>
    <discussion>
      <P>Cyphers must implement the ICypherConstructor and ICypher interfaces.
      </P>
    </discussion>
  </interface-group>

  <interface name="ICypher" type="PICYPHER" extends="IUnknown"
             iid="415b72ad-b089-4b9d-862f-88a20eecc3e4">

    <P>Basic cypher interface.</P>

    <constant name="CYPHER_OPS" type="UINT" prefix="CYPHER_" base="0">
      <P>Values for <I>Operation</I> arguments in <B>ICypher</B>
      methods. Also flags that are returned by GetBlockLengths, etc.</P>
      <constant-value name="ENCRYPT"        ordinal="0x1">
        <P>Encrypt the block with the current key.</P>
      </constant-value>
      <constant-value name="DECRYPT"        ordinal="0x2">
        <P>Decrypt the block with the current key.</P>
      </constant-value>
      <constant-value name="LAST"      ordinal="0x4">
        <P>This is the last chunk out of a series of chunks.</P>
        <P>When hash function, produce the digest.</P>
      </constant-value>
      <constant-value name="VECTOR"        ordinal="0x8">
        <P>In SetKey, indicates that this is a vector (auxiliary state)
        rather than the actual key.</P>
      </constant-value>
      <constant-value name="SIZE_GROWS"        ordinal="0x1000">
        <P>In GetBlockLengths, indicates that the result may grow.</P>
      </constant-value>
      <constant-value name="SIZE_SHRINKS"      ordinal="0x2000">
        <P>In GetBlockLengths, indicates that the result may shrink.</P>
      </constant-value>
      <constant-value name="SIZE_FIXED"        ordinal="0x4000">
        <P>In GetBlockLengths, indicates that the cypher operates
        on fixed size blocks that must be exactly the size indicated
        by block sizes. Otherwise the blocksizes are simply tested against
        minimums and truncated down to alignment down when required.
        </P>
      </constant-value>
      <constant-value name="MAY_NOT_OVERLAP"   ordinal="0x8000">
        <P>In GetBlockLengths, indicates that the input and output buffers
        are not allowed to be the same or partially overlap.
        The buffers MUST be distinct for correct results.
        </P>
      </constant-value>
      <constant-value name="ONE_LINE"   ordinal="0x10000">
        <P>
        Base64 encoding in one line (no newlines added)
        </P>
      </constant-value>
      <constant-value name="PURE_MD5"   ordinal="0x20000">
        <P>
          For HMAC_MD5 to use pure MD5 instead
        </P>
      </constant-value>
      <constant-value name="PURE_MD4"   ordinal="0x40000">
        <P>
          For HMAC_MD5 to use pure MD4 instead
        </P>
      </constant-value>
      <constant-value name="CBC_MODE"   ordinal="0x80000">
        <P>
          For HMAC_MD5 to use pure MD4 instead
        </P>
      </constant-value>
      <constant-value name="CTS_MODE"   ordinal="0x100000">
        <P>
          For HMAC_MD5 to use pure MD4 instead
        </P>
      </constant-value>

    </constant>

    <method name="GetBlockLengths">
      <P>Returns the cypher's input/output block length.</P>
      <discussion>
        <P>Most cyphers operate on a fixed block length, for both the 
        clear text and the cyphertext. Some can operate on variable lengths,
        and yet some might not have equal input/output block lengths.
        Arguments are passed by reference, this method validates them.
       </P>
      </discussion>
      <arg name="pOperation" type="CYPHER_OPS *" direction="inout">
        <P>On input specifies whether the blocks should apply to encryption
        or decryption. On return indicates whether the result may grow or
        shrink, or perhaps only operate on fixed block sizes. If MAY_OVERLAP
        is not returned, the input and output buffers must be distinct.</P>
      </arg>
      <arg name="pInputBlockLength" type="UINT *"
           direction="inout" optional="true">
        <P>Pass here your desired input block length.  On return, the cypher
           will return the best acceptable block length, which is no bigger
           than the proposed one.  Use the value zero for dont-care cases.
           A pointer value of NULL is acceptable. </P>
      </arg>
      <arg name="pOutputBlockLength" type="UINT *"
           direction="inout" optional="true">
        <P>Pass here your desired output block length.  On return, the cypher
           will return the best acceptable block length, which is no bigger
           than the proposed one.  Use the value zero for dont-care cases.
           A pointer value of NULL is acceptable. </P>
      </arg>

      <return-value value="E_OBJECT_NOT_INITIALIZED">
        <P>The cypher needs more information, such as key length, before
           it can return the desired information (e.g. call SetKey). </P>
      </return-value>
      <return-value value="E_INVALID_PARAMETER">
        <P>The combination of in/out values was unacceptable.</P>
      </return-value>
      <return-value value="E_BUFFER_TOO_SMALL">
        <P>The proposed length is too small, the cypher cannot use it.</P>
      </return-value>
    </method>

    <method name="SetKey">
      <P>Associate a given key or state vector to this cypher object.</P>
      <discussion>
        <P>Whatever...TBD. </P>
      </discussion>
      <arg name="Key" type="const BYTE *">
        <P>The key.</P>
      </arg>
      <arg name="Size" type="UINT">
        <P>Size of the given key, in bytes.</P>
      </arg>
      <arg name="Operations" type="CYPHER_OPS">
        <P>Bitmap specifying what operation(s) the cypher will be used for.
           A cypher might create a different internal state depending on 
           what it is intended to be used for. If CYPHER_OPS_VECTOR is
           specified, the key is an auxiliary state vector rather than a key.
        </P>
      </arg>
      <return-value value="E_INVALID_PARAMETER">
        <P>The key was not acceptable to the given cypher.</P>
      </return-value>
    </method>

    <method name="Cypher">
      <P>En/decrypt operations.</P>
      <discussion>
        <P>Call this method one block at a time.</P>
      </discussion>

      <arg name="Operation" type="CYPHER_OPS" >
        <P>What the cypher should do with the data.</P>
        <P>When CYPHEROPS_LAST is not specified, this is a continuation of
        the previous cypher op rather than a new item. This affects the
        internal state of some cyphers, e.g. newlines in base64.</P>
      </arg>

      <arg name="pInBuffer" type="const BYTE *" size-is="InSize">
        <P>Memory address of data that is input for the operation.</P>
      </arg>
      <arg name="InSize" type="UINT" >
        <P>Size of the input data, in bytes.</P>
      </arg>
      <arg name="pSizeConsumed" type="UINT *" direction="out" optional="true">
        <P>Size of input data used is returned here. If the output buffer
        is too small for the entire input but some blocks could be
        processed, then *pSizeConsumed will be less than InSize. The remainder
        of the input buffer should be encrypted separately.</P>
      </arg>

      <arg name="pOutBuffer" type="BYTE *" direction="out" size-is="OutSize"
           length-is="pSizeProduced">
        <P>Memory where to produce the resulting data.</P>
        <P>Could be the same as pInBuffer.</P>
      </arg>
      <arg name="OutSize" type="UINT">
        <P>Size of the pOutBuffer.</P>
      </arg>
      <arg name="pSizeProduced" type="UINT *" direction="out">
        <P>Size of data that was actually produced is returned here.</P>
      </arg>

      <return-value value="E_INVALID_PARAMETER">
        <P>Something is wrong with the arguments.</P>
      </return-value>
      <return-value value="E_NOT_IMPLEMENTED">
        <P>This cypher does not implement the given operation.</P>
      </return-value>
      <return-value value="S_BUFFER_TOO_SMALL">
        <P>The outputbuffer was too small for the result.
        The location pointed to by <I>pSizeProduced</I> is
        updated to reflect the actual length of the name.</P>
      </return-value>
      <return-value value="E_BUFFER_TOO_SMALL">
        <P>The outputbuffer was too small for the result.
        The needed size is unknown and is not updated.
        <I>pSizeProduced</I> was NOT updated.</P>
      </return-value>
    </method>

    <method name="GenKey">
      <P>Create a fresh random key that is suitable to this cypher object.</P>
      <discussion>
        <P>Some cyphers generate one key, others do them in pairs.</P>
      </discussion>
      <arg name="KeyStrength" type="UINT" >
        <P>The strength of the key in bits.</P>
      </arg>
      <arg name="Key" type="const BYTE **" direction="out"
           length-is="KeyLength">
        <P>The key is returned here. The cypher object allocates it.
        Deallocate using DeleteKey.</P>
      </arg>
      <arg name="KeyLength" type="UINT*" direction="out">
        <P>The key length is returned here.</P>
      </arg>
      <arg name="PublicKey" type="const BYTE **" direction="out"
           length-is="PublicKeyLength">
        <P>The matching public key is returned here if applicable.
        The cypher object allocates it.
        Deallocate separately using DeleteKey.</P>
      </arg>
      <arg name="PublicKeyLength" type="UINT*" direction="out">
        <P>The matching public key length is returned here if applicable.</P>
      </arg>
      <return-value value="E_INVALID_PARAMETER">
        <P>The given KeyStrength is not acceptable to the given cypher.</P>
      </return-value>
    </method>
    
    <method name="DeleteKey" type="void">
      <P>Deallocate a key previously created with GenKey of the same cypher
      object.</P>
      <arg name="Key" type="BYTE *">
        <P>The key to deallocate.</P>
      </arg>
    </method>

    <constructor>
      <P>Basic constructor for all cyphers.</P>
      <arg name="KeyStrength" type="UINT" >
        <P>The length of the key in bits.</P>
      </arg>
    </constructor>

  </interface>

  <interface name="ICypherConstructor" type="PICYPHERCONSTRUCTOR"
             extends="IUnknown"
             iid="dbdabb92-b083-432f-90fd-8db4066696cb">
    <P>Generic constructor for cyphers.</P>

    <struct name="CYPHERCOB" dotype="true" doptype="true">
      <P>Generic factory object for cyphers.</P>
      <field name="v" type="struct ICypherConstructorVtbl *">
        <P>Virtual method table.</P>
      </field>
      <field name="RefCnt" type="UINT">
        <P>Count of outstanding references.</P>
      </field>
    </struct>

    <method name="Constructor">
      <arg type="PIUNKNOWN*" name="ppUnk" direction="out">
        <P>The newly created object is returned here.</P>
      </arg>
      <arg name="Name" type="const _TCHAR *">
        <P>The name of the cypher. E.g. aes, des, ...</P>
      </arg>
      <arg name="KeyStrength" type="UINT">
        <P>Length, in bits, of the key (strength).</P>
      </arg>
    </method>
  </interface>

<!-- ICrypto interface (with ECB, CBC, ...) still TBD -->

</mmlite-spec>

