<?xml version='1.0'?>
<!-- Copyright (c) Microsoft Corporation. All rights reserved. -->

<!-- Included from spec.xml -->

<mmlite-spec xmlns="x-schema:spec-schema.xml">

  <interface-group name="Driver">
    <P>Interfaces for device drivers.</P>
    <discussion>
      <P>Most device drivers implement the IDeviceConstructor and IDevice interfaces and inherit methods from the CDevice concrete class.
      </P>
    </discussion>
  </interface-group>

  <interface name="IDevice" type="PIDEVICE" extends="IFile"
             iid="159fe7d9-eb2a-11d3-8c65-00e0291551e5">
    <P>Basic device driver interface.</P>
    <method name="Isr" type="BOOL">
      <P>Low level interrupt service routine.</P>
      <discussion>
        <P>All interrupts are disabled during the entire duration of this
        routine. Because scheduling is not possible it is crucial to minimize 
        time spent in the ISR so as to keep real-time responce good for other 
        activities in the system.  The ISR should only quiet the interrupt 
        (which may require tweaking device registers) and signal a condition 
        to wake up a handler to do the real work.  It should also be noted 
        that ISRs are not synchronized among multiple processors, whereas
        threads with condition variables and mutexes are.</P>
  
        <P>The ISR may not block and it may not call any functions that may
        block, enable interrupts, or take page faults.  In general the only 
        safe calls are basic runtime functions like memcpy and 
        Condition_InterruptSignal.</P>

        <P>On platforms that don't require device specific register tweaking
        to quiet a particular interrupt a generic default ISR should cover all
        ISR needs.  Unfortunately real hardware is seldom ideal.</P>
      </discussion>
      <return-value value="TRUE">
        <P>Reschedule is needed because a thread was woken up. Hint: Simply return the value returned by Condition_InterruptSignal.</P>
      </return-value>
      <return-value value="FALSE">
        <P>No reschedule needed.</P>
      </return-value>
      <arg name="pNotOurInterrupt" type="BOOL *" direction="out"
           optional="true">
        <P>Support for shared interrupts. If non-NULL, the callee should set the value pointed to to TRUE if the interrupt was spurious for this device and should thus potentially be handled by another driver.</P>
      </arg>
      <see-also HREF="IBaseRtl.htm#Condition_InterruptSignal">
        Condition_InterruptSignal
      </see-also>
    </method>
    <method name="HandleInterrupt" type="BOOL">
      <P>Thread-level interrupt handler.</P>
      <return-value value="TRUE">
        <P>The interrupt was handled.</P>
      </return-value>
      <return-value value="FALSE">
        <P>The interrupt was <I>not</I> handled.</P>
      </return-value>
      <discussion>
        <P>This is where most work is done. The device had an interrupt, there is work to do.  We are running in a regular thread that may block and is subject to (real-time) scheduling. Interrupts may be disabled temporarily if necessary and must obviously be re-enabled.  Typically drivers have just one thread servicing them, shich means that long-term blocking is not good for the device.  More than one thread would make a driver more complicated and also it should be noted that Condition_InterruptSignal behaves like a binary semaphore and does not facilitate race-free wakeup of multiple threads (it is tuned for a single waiter).</P>
        <P>This routine is like a DPC in Windows 2000, or an AST in VMS, or an interrupt process in OSE, but without all the bizarre limitations. The system will immediately context switch into the handler thread after an interrupt assuming the currently running thread does not have an even stricter time constraint than thje handler thread does.  This switch is very fast, subject to the implementation of the scheduler and machine dependent interrupt handling.
        </P>
      </discussion>
    </method>
    <method name="Initialize" type="INT" >
      <P>Reset or initial startup of a driver.  Make the hardware go.</P>
    </method>
    <method name="ThreadLoop" type="void" >
      <P>The thread loop that waits on the device condition variable and calls
      the <A HREF="#">HandleInterrupt</A> method once there is something to 
      do. The default implementation handles time constraints and timeouts.</P>
      <notes>This function is called as a thread entry point <A HREF="IProcess.htm#THREAD_FUNCTION">THREAD_FUNCTION</A>.</notes>
    </method>
  </interface>

  <interface name="INetDriver" type="PINETDRIVER" extends="IDevice" 
             iid="159fe7da-eb2a-11d3-8c65-00e0291551e5">
    <P>Network device driver interface.</P>
    <struct name="sockaddr">
      <ifdef>!defined(__netif_h__)</ifdef><!-- avoid tag redefinition (tm1) -->
    </struct>
    <struct name="mbuf">
      <ifdef>!defined(__netif_h__)</ifdef><!-- avoid tag redefinition (tm1) -->
    </struct>
    <struct name="route_in"/>

    <method name="Output" type="INT">
      <P>Queue packet for output after mapping logical address to physical address. The default implementation is appropriate in most cases.</P>
      <arg name="Pkt" type="struct mbuf *">
        <P>The packet.</P>
      </arg>
      <arg name="Addr" type="struct sockaddr *">
        <P>Destination address.</P>
      </arg>
      <arg name="Route" type="struct route_in *">
        <P>Routing info.</P>
      </arg>
    </method>
    <method name="Start" type="void" >
      <P>Start transmission on interface</P>
    </method>
    <method name="Ioctl" type="INT">
      <P>Support for getting stats, turning the interface up/down, etc.</P>
      <arg name="Cmd" type="UINT32">
        <P>The operation. See winsock.h</P>
      </arg>
      <arg name="Data" type="void*">
        <P>The arguments.</P>
      </arg>
    </method>
    <method name="Watchdog" type="INT">
      <P>XXX how is this supposed to work? What is the return value?</P>
    </method>    
  </interface>

  <interface name="IDeviceConstructor" type="PIDEVICECONSTRUCTOR"
             extends="IUnknown"
             iid="54352935-b2b2-4a9a-b482-5dc573c23097">
    <P>Generic constructor for driver cobs.</P>
    <method name="Constructor">
      <arg name="Name" type="string">
        <P>The name of the new device. E.g. ee0, com1, mouse, ...</P>
      </arg>
      <arg name="RegisterBase" type="ADDRESS">
        <P>Address of device registers. Interpretation is machine dependent 
        and may be either a memory address or a port address.</P>
      </arg>
      <arg name="Interrupt" type="UINT">
        <P>The expected interrupt number for the device.</P>
      </arg>
      <arg type="PIUNKNOWN*" name="ppUnk" direction="out">
        <P>The newly created object is returned here.</P>
      </arg>
      <arg name="a1" type="string" optional="true">
        <P>Optional additional arguments specific to driver.</P>
      </arg>
      <arg name="a2" type="string" optional="true"/>
      <arg name="a3" type="UINT"/>
      <arg name="a4" type="UINT"/>
      <arg name="a5" type="UINT"/>
      <arg name="a6" type="UINT"/>
      <arg name="a7" type="UINT"/>
    </method>
  </interface>
</mmlite-spec>

