<?xml version='1.0'?>
<!-- Copyright (c) Microsoft Corporation. All rights reserved. -->

<!-- Included from spec.xml -->

<mmlite-spec xmlns="x-schema:spec-schema.xml">

  <!-- ****** Devices ****** -->
  <device name="sv0" module="simnic.cob" is-net="true" interrupt="0">
    <P>Simulator network interface driver.</P>
  </device>

  <device name="ee0" module="ee16.cob" is-net="true"
    address="0x500" interrupt="5">
    <argument>1</argument> <!-- TPE connector -->
    <P>EtherExpress 16.</P>
    <notes>Default card setup is Port 0x300  (Interrupt 5, Connector TPE)
    </notes>
  </device>

  <device name="vga" module="vga.cob" address="0xb8000">
    <P>Video display on pc</P>
  </device>

<!--
  <device name="simfb" module="simfb.cob">
    <P>Frame buffer simulator.</P>
  </device>
-->

  <device name="com1" module="serial.cob" address="0x3f8" interrupt="4">
    <argument>1200</argument> <!-- speed -->
    <P>PC serial line driver.</P>
  </device>

  <device name="com2" module="serial.cob" address="0x2f8" interrupt="3">
    <argument>19200</argument> <!-- speed -->
    <P>PC serial line driver.</P>
  </device>

  <device name="mouse" module="mouse.cob" stacked-on="com1">
    <argument>0x10002</argument> <!-- serial on MS-Plus -->
    <P>Mouse on com1.</P>
  </device>


  <!-- ****** Harware platforms ****** -->

  <hardware-platform name="aeb" cpu="arm">
    <!-- <has-device>serial</has-device> -->
    <!-- <has-device>leds</has-device> -->
    <P>Arm evaluation board.</P>
  </hardware-platform>

  <hardware-platform name="sidearm" cpu="arm">
    <P>Intel evaluation board.</P>
  </hardware-platform>

  <hardware-platform name="eb63" cpu="arm">
    <P>Atmel dev board.</P>
  </hardware-platform>

  <hardware-platform name="cerf" cpu="arm">
    <!-- <has-device>serial</has-device> -->
    <!-- <has-device>cs8900</has-device> -->
    <P>Intrinsic board.</P>
  </hardware-platform>

  <hardware-platform name="acenic" cpu="mips">
    <P>Gigabit ethernet.</P>
  </hardware-platform>

  <hardware-platform name="talisman" cpu="tm1">
    <P>Proto board.</P>
  </hardware-platform>

  <hardware-platform name="pc" cpu="i386">
    <has-device>com1</has-device>
    <has-device>com2</has-device>
    <has-device>vga</has-device>
    <has-device optional="true">mouse</has-device>
    <has-device optional="true">ee0</has-device>
    <P>Personal Computer.</P>
  </hardware-platform>

  <hardware-platform name="ntsim" cpu="i386">
    <has-device>sv0</has-device>
<!--
    <has-device>simfb</has-device>
-->
    <P>MMLite simulation under Windows 2000.</P>
  </hardware-platform>

</mmlite-spec>
