<?xml version='1.0'?>
<!-- Copyright (c) Microsoft Corporation. All rights reserved. -->

<!-- Included from interfaces.xml -->

<mmlite-spec xmlns="x-schema:spec-schema.xml">

  <!-- ****** Interfaces ****** -->

  <interface name="IListener" type="PILISTENER" extends="IUnknown"
             iid="64536cf5-0918-434a-955e-b8a2cb86306b" mygroup="Soap">
    <P>Generic network listener interface. The default implementation
       provides facilities for listening 
       on a server socket, accepting connections, and dispatching them to 
       access policy and service provision routines provided by the
       implementation.</P>

    <method name="Listen">
      <P>Start listening to incoming service requests. Call this before
      the Loop method.</P>
      <arg type="string" name="AddressURL">
        <P>The address to listen to expressed as a URL
        (see <A HREF="ISoapFactory.htm#ParseURL">ISoapFactory.ParseURL</A></P>
      </arg>
    </method>

    <method name="Loop">
      <P>Loops accepting connections 
         on a server socket. This is the main function of a listener 
         application. After accepting a connection, the Run method 
         passes the connection to the access policy implementation, and 
         only passes it to the request processing code if the access policy 
         restrictions are met. </P>
      <P>For a concurrent server call this method multiple times from
         separate threads.</P>
    </method>

    <method name="ApplyAccessPolicy">
      <P>Examines an incoming connection and compares with a security policy. 
         Returns an error code if a security problem is detected, otherwise 
         returns S_OK. If an error code is returned, the implementation of 
         the Run method must not pass the connection to the Service 
         implementation. Currently this operation is only expected to 
         filter based on the client identity as defined by the client's 
         network address.</P>
      <arg type="PTR" name="ClientAddr">
        <P>The address of the client originating the incoming connection.</P>
      </arg>
    </method>

    <method name="Service">
      <P>The actual implementation of the service provided by the listener.</P>
      <arg type="PIENDPOINT" name="ep">
        <P>The incoming connection endpoint.</P>
      </arg>
      <arg type="UINT" name="UrlFlags">
        <P>Used to determine details in message processing. PARSE_URL_FLAGS.</P>
      </arg>
      <arg type="PIHTTPCONNECTOR" name="pConn">
        <P>When set by service, the caller should keep the connection
        around and set the Session next time round. When set to NULL,
        the service can recycle ClientEndpoint. If the ClientEndpoint is
        closed, the service should call Session->Release.</P>
      </arg>
    </method>

    <method name="SetEndpoint">
      <P>Add/remove/configure endpoint in pool of listened endpoints.
      </P> 
      <arg type="PIENDPOINT" name="ep">
      </arg>
      <arg type="UINT" name="Flags">
        <P>Listen to the given types of events. ENDPOINT_REQ_TYPES. Zero stops listening.</P>
      </arg>
      <arg type="PIUNKNOWN" name="Key" optional="true">
        <P>Set key. NULL sets the key to NULL.</P>
      </arg>
      <arg type="PTIME" name="pTimeout" optional="true" >
        <P>When present and not TIME_FOREVER, specifies a time when the
        ep will be closed. This is useful for e.g. client side UDP sockets
        that should automatically go away after a while.</P>
      </arg>
    </method>

  </interface>

  <interface name="IHttpConnector" type="PIHTTPCONNECTOR" extends="IUnknown"
             iid="1ca5d197-c7c8-4fe1-9b1c-386889bdac67" mygroup="Soap">

    <P>Generic network connector for various types of connections, such as SOAP. This connector is used both on client and server side for both sending and receiving requests and responses.</P>

    <struct name="HTTPHEADERFIELD" doptype="true"></struct>
    <struct name="HTTPRESPONSE" doptype="true"></struct>

    <struct name="CypherKey" doptype="true">
      <field name="type" type="BYTE" />
      <field name="length" type="UINT32" />
      <field name="data" type="BYTE*" />
    </struct>
    <struct name="ValueLengthPair" doptype="true" dotype="true">
      <field name="length" type="UINT32" />
      <field name="data" type="BYTE*" />
    </struct>
    
<!--
    <method name="DoSSL">
      <P>SSL test method</P>
      <arg type="BYTE" name="byPar">
        <P>Options</P>
      </arg>
        <arg type="PBYTE" name="byCert">
      <P>Certificate</P>
        </arg>
    </method>

-->

    <method name="SendMessage">
      <P>Send an HTTP message. This can be either a request or a reply.</P>
      <arg name="StatusCode" type="UINT">
        <P>One of HTTPRESPONSESCODE in httputils.h. If this is one of the
        request methods (GET,POST,etc.) then it is a request message.
        Otherwise it is a response message. The caller is responsible
        for adhering to the HTTP RPC protocol.</P>
      </arg>
      <arg name="SoapAction" type="string" optional="true">
        <P>What to put into SoapAction field if applicable.
        NULL implies no SoapAction header.</P>
      </arg>
      <arg name="File" type="PIFILE">
        <P>The content of the message to be sent.</P>
      </arg>

      <arg name="Continuation" type="PICONTINUATION" optional="true">
        <P>Where to unmarshal the results to. This should be NULL for response
        messages as responses have no further responses. It should also be NULL
        for messages that do not expect responses.</P>
      </arg>
    </method>

    <method name="ReceiveMessage">
      <P>Receive and process incoming message. If the method returns
      E_WOULD_BLOCK or E_RESTART it can be called again.</P>
    </method>

    <method name="Done">
      <P>Informs the HTTP connector that the related Send and Receives
      have been completed and HTTP headers and other per-transaction
      state can be discarded. On the server side a transaction is a
      Receive-Send-Done, where the Done method re-enables the
      connection for further reception, or closes the socket if
      Keep-Alive is disabled. On the client side the transaction is
      Send-Receive-Done, where the Done method deals with cleanup.</P>
      <arg name="IsRestart" type="BOOL">
        <P>When TRUE, the connection is not enabled. Instead the current
        service thread will continue receiving and delay re-enabling until
        the method is called with IsRestart set to FALSE.</P>
      </arg>
    </method>

    <method name="GetPut">
      <P>Do a single HTTP Get or PUT transaction.</P>
      <arg name="IsPut" type="BOOL">
        <P>TRUE=PUT, FALSE=GET</P>
      </arg>
      <arg name="ResponseFile" type="PIFILE">
        <P>Where to write payload into (GET) or read from (PUT)</P>
      </arg>
    </method>

    <method name="GetRequestURI">
      <P>Use this method to get the URI the request was intended for.</P>
      <arg name="URI" type="PBYTE*">
        <P>If the call is successful, the value of this argument will point 
           to a buffer holding the URI. The buffer is a part of the request; 
           do not deallocate the memory.</P>
      </arg>
      <arg name="LENGTH" type="INT*">
        <P>Length of the URI.</P>
      </arg>
    </method>

    <method name="GetHeaderField">
      <P>Access request header fields with this operation.</P>
      <arg name="Token" type="INT">
        <P>Specifies the header field of interest. 
        BUGBUG. The type is really HTTPTOKEN.</P>
      </arg>
      <arg name="Field" type="PHTTPHEADERFIELD*">
        <P>If the header exists, then the value of this parameter will point
        to a header field structure.</P>
      </arg>
    </method>

    <method name="GetContent" type="PITOKENIZER">
      <P>Access the Tokenizer instance encapsulated by the request
         object. The request is passed to an IHTTPPROCESS
         implementation right after the CRLFCRLF separating the
         request header and body has been parsed, so the IHTTPPROCESS
         implementation can depend on the Tokenizer being right at the
         beginning of the request content. For example, in case of a
         SOAP request, the Post implementation of IHTTPPROCESS calls
         this method to get the Tokenizer, and passes the Tokenizer
         interface directly to a SAX parser instance. The SAX parser
         can start requesting tokens without further ado because it is
         guaranteed that the Tokenizer is at the right position in the
         stream.  Note: Not all requests have content, but all have
         Tokenizer instances. Use the Content-Length or
         Transfer-Encoding header fields to figure out how much
         content the request contains. The tokenizer will also enforce
         the length automatically.</P> </method>

    <method name="AllocateBuffer">
      <P>Create an IBuffer that works with the connector.</P>
      <arg name="NewBuffer" type="PIBUFFER *" direction="out">
        <P>The newly allocated buffer is returned here.</P>
      </arg>
    </method>

    <method name="SetKey">
      <P>Set the user name and password for chosen authentication scheme and
      contact domain controller as appropriate.</P>
      <arg name="user" type="string">
        <P>Plain text ID.</P>
      </arg>
      <arg name="password" type="string">
        <P>Plain text pass.</P>
      </arg>
      <arg name="AuthenticationScheme" type="string">
        <P>The authentication scheme. 'Kerberos' or 'Basic'.</P>
      </arg>
      <arg name="EncryptionMode" type="UINT">
        <P>Desired encryption mode in domain specific way,
          with zero meaning anything goes.</P>
      </arg>
    </method>

    <method name="Listen">
      <P>Hand this connector over to listener server for receive processing
      until the timeout expires.</P>
      <arg name="timeo" type="PTIME">
        <P>When the connector is removed from the listener.</P>
      </arg>
    </method>

  </interface>

  <interface name="IHttpProcess" type="PIHTTPPROCESS" extends="IUnknown"
             iid="DE5D5EC8-4C1C-49e0-9B6B-DA3305FE1D65" mygroup="Soap">
    <P>Interface for HTTP processing.  Most programs can use the default implementation.</P>
    <discussion>
    <P>This interface can be implemented by objects that should be capable of 
       performing custom HTTP processing. To deploy such objects, first add a 
       vtable with an implementation of this interface and do the requisite 
       changes to the object's QueryInterface. Then register the object in 
       the HTTP server namespace. The server will query for interfaces in the 
       order which follows: IHTTPPROCESS, INameSpace, IFile. 
    </P><P>       
       An object which implements IHTTPPROCESS is fully responsible for generating 
       the correct values for the HTTPRESPONSE object fields, but the object itself 
       is supplied by the IHTTPREQUEST interface passed to the processing operations.
    </P><P>
       The most important facets of generating a response are (a) setting the 
       header fields, and (b) supplying an IFile implementation to set the 
       HTTPRESPONSE Content pointer to. 
    </P><P>
       After the processing method (operation of this interface) returns, the 
       HTTP server uses the response content pointer. Therefore one of the most 
       important things to get right when implementing custom HTTP processing is 
       actually doing the IFile implementation right. The point of the IHTTPPROCESS 
       implementation is just to deal with the protocol, not really the content. If 
       most of the work is postponed to be done by the IFile implementation, you 
       get some kind of lazy evaluation which might be cool for something.
    </P><P>       
       The operations correspond directly to HTTP verbs, except the HEAD verb is 
       missing. This is because the HTTP server dispatches HEAD requests to GET 
       implementations, but then disregards Content pointers when it is time to 
       send the response back to the client.</P>
    </discussion>

    <method name="Get">
      <arg name="Request" type="PIHTTPCONNECTOR">
      </arg>
      <arg name="pRequestFile" type="PIFILE*" direction="out">
      </arg>
    </method>

    <method name="Head">
      <arg name="Request" type="PIHTTPCONNECTOR"/>
    </method>

    <method name="Post">
      <arg name="Flags" type="PARSE_URL_FLAGS"/>
      <arg name="Tokenizer" type="PITOKENIZER"/>
      <arg name="LocalUrl" type="string"/>
      <arg name="pContent" type="PIBUFFER*" direction="inout"/>

      <arg name="Deserializer" type="PIUNKNOWN*" direction="inout">
        <P>Handler state for restartable parsing.</P>
      </arg>
      <arg name="ParsingState" type="UINT*" direction="inout">
        <P>Caller state for restartable parsing
         (should be set to HS_RUNNING=1 if running in other thread).</P>
      </arg>
      <arg name="Request" type="PIHTTPCONNECTOR">
        <P>The request to send the response to.</P>
      </arg>
    </method>

    <method name="Put">
      <arg name="Request" type="PIHTTPCONNECTOR"/>
    </method>
    <method name="Delete">
      <arg name="Request" type="PIHTTPCONNECTOR"/>
    </method>
    <method name="Options">
      <arg name="Request" type="PIHTTPCONNECTOR"/>
    </method>
  </interface>

  <interface name="IWebProtocolFactory" type="PIWEBPROTOCOLFACTORY"
             extends="IProgram" iid="33C3E67D-04C0-47eb-84CD-8CA0DAAB6D45"
             mygroup="Soap">
    <P>This factory interface is implemented by the HTTP or UDP cob and
       registered 
       in the current namespace upon COB loading. It provides facilities for 
       the construction and destruction of server instances, and should 
       eventually evolve to provide a memory management interface as well.
       To access it, lookup COB/http.cob in the system namespace and query.</P>
    <P>The Main method starts a server that listens to the URL specified.</P>
    <method name="CreateServer">
      <arg name="NameSpace" type="PINAMESPACE">
        <P>The namespace that will be presented as the HTTP root (/).</P>
      </arg>
      <arg name="Flags" type="UINT">
        <P>PARSE_URL_FLAGS</P>
      </arg>
      <arg name="pServer" type="PILISTENER*" direction="out">
        <P>The newly created server is returned here.</P>
      </arg>
    </method>

    <method name="CreateConnector">
      <P>Create an instance of SoapConnector that does HTTP.
         This is useful for HTTP/UDP clients.
      </P>
      <arg name="ServerURL" type="string">
        <P>The address of the host (e.g. IP address 123.45.67.89 or
           name eg. foo.bar.com) where to send the message.</P>
      </arg>
      <arg name="ExtraFlags" type="PARSE_URL_FLAGS">
        <P>Flags that are not uniquely determinable based on URL alone.
        Often PARSE_URL_FLAGS_SOAP with "http://"</P>
      </arg>
      <arg name="pISoapConnector" type="PIHTTPCONNECTOR*" direction="out">
        <P>The newly created connector is returned here.</P>
      </arg>
    </method>
  </interface>

</mmlite-spec>
