<!-- Copyright (c) Microsoft Corporation. All rights reserved. -->

<item name="MMLite stuff"  link="default.htm">
  <item name="Files" link="" tip="Source for the system">
    <item name="Include Files" tip="Externally visible declarations" link="include/default.htm">
      <item name="stdio.h" tip="Standard i/o library (ISO C)" link="include/stdio.h.htm" />
  </item>

  <item name="Interfaces" link="interfaces.htm" tip="Interfaces define interaction between components">
    <item name="Base Interfaces" tip="These interfaces expose basic MMLite functionality. Most other interfaces derive from the base interfaces" link="interfaces.htm#Base">
      <item name="IUnknown" tip="These interfaces expose basic MMLite functionality. Most other interfaces derive from the base interfaces" link="IHeap.htm" />
      <item name="IHeap" tip="The IHeap interface provides methods for allocating memory" link="IHeap.htm" />
      <item name="IThread" tip="The IThread interface provides a method for accessing the process in which the thread was started and the run-time library provides a function for accessing the current thread" link="IThread.htm" />
    </item>
    <item name="Driver Interfaces" tip="Interfaces for device drivers" link="interfaces.htm#Driver">
      <item name="IDevice" tip="" link="IDevice.htm" />
      <item name="INetDriver" tip="" link="INteDriver.htm" />
    </item>
  </item>

  <item name="Concrete Classes" link="classes.htm" tip="Concrete classes are implementations of interfaces and are parts of components.">
    <item name="CDevice" tip="Generic device base implementation" link="CDevice.htm"/>
  </item>

/item>

