<?xml version='1.0'?>
<!-- Copyright (c) Microsoft Corporation. All rights reserved. -->

<!-- Included from spec.xml -->

<mmlite-spec xmlns="x-schema:spec-schema.xml">
  <interface-group name="Network">
    <P>Interfaces for dealing with the protocol stack.</P>
    <discussion>
      <P>Note that these interfaces are likely to change in the future to facilitate asynchronous operation.
      </P>
    </discussion>
  </interface-group>

  <interface name="IEndpoint1" type="PIENDPOINT1" extends="IFile"
             iid="9a34bc61-96f2-4512-afd3-29883a375dc8">
    <P>Interface for queueing buffers between two ends.</P>

    <struct name="socket"/>
    <struct name="route_in"/>

    <struct name="sockaddr">
      <field type="UINT8" name="sa_len">
        <P>Total length</P>
      </field>
      <field type="UINT8" name="sa_family">
        <P>Address Family</P>
      </field>
      <field type="UINT8" array="14" name="sa_data">
        <P>actually longer; address value</P>
      </field>
    </struct>

    <method name="AllocateBuffer">
      <P>Create an IBuffer that works with the endpoint.</P>
      <arg name="DataSize" type="UINT32">
        <P>Size needed for payload. Zero means just header.</P>
      </arg>
      <arg name="NewBuffer" type="PIBUFFER *" direction="out">
        <P>The newly allocated buffer is returned here.</P>
      </arg>
    </method>

    <method name="SendBuffer" >
      <P>Send the contents of an IBuffer to given destination.</P>
      <discussion><P>This is like IEndpoint.SendTo but takes an mbuf
        rather than raw data.</P>
        <P>The mbuf is consumed iff the call is successfull.</P>
      </discussion>
      <arg type="PIBUFFER" name="iBuffer">
        <P>Data packet to be sent.</P>
      </arg>
      <arg type="UINT32" name="Flags" >
        <P>Selector for special processing, usually zero. E.g. MSG_DONTROUTE.</P>
      </arg>
      <arg type="const struct sockaddr *" name="pTo"
           size-is="ToSize" >
        <P>Destination address.</P>
      </arg>
      <arg type="UINT32" name="ToSize" >
        <P>Size of address.</P>
      </arg>
    </method>

    <method name="RecvBuffer" >
      <P>Receive from socket returning the origin and an
      <A HREF="#">IBuffer</A> with data contents.</P>
      <discussion><P>This is like
        <A HREF="IEndpoint.htm#RecvFrom">IEndpoint.RecvFrom</A>
        but returns an mbuf rather than raw data.</P>
        <P>The mbuf is returned with a ref when successful.</P>
      </discussion>
      <return-value value="S_NO_MORE_ENTRIES">
      Message oriented sockets only: indicates this is the last chunk
      of a piece wise received packet.
      </return-value>
      <arg type="PIBUFFER*" name="piBuffer" direction="out">
        <P>Data packet that was received is returned here.</P>
      </arg>
      <arg type="UINT32" name="Size">
        <P>Maximum size to read.</P>
      </arg>
      <arg type="UINT32" name="Flags" >
        <P>Selector for special processing, usually zero. E.g. MSG_DONTROUTE.</P>
      </arg>
      <arg type="struct sockaddr *" name="pFrom" direction="out"
           size-is="FromSize" length-is="FromSize" optional="true">
        <P>Peer address is returned here.</P>
      </arg>
      <arg type="UINT32" name="FromSize" >
        <P>Size of address buffer.</P>
      </arg>
      <arg type="UINT32*" name="pFromLength" direction="out" optional="true">
        <P>Actual length of address returned.</P>
      </arg>
    </method>

    <method name="SetCondition">
      <P>Another wait mechanism: declare interest in status changes in an
      endpoint. When something happens, the condition variable is signalled.
      This method should only be called once before sending or receiving data
      on the endpoint.
      </P>
      <arg name="pCond" type="PCONDITION" optional="true">
        <P>Pointer to the codition to signal when something interesting
        happens.</P>
      </arg>
    </method>
  </interface>

  <interface name="IEndpoint" type="PIENDPOINT" extends="IEndpoint1"
             iid="0c030297-bc6c-412a-8d91-da3542b76da3">
    <P>Network connection sockets.</P>
    <discussion>
      <P>This interface is pretty much the normal Winsock / Berkeley sockets wrapped into an interface.  It is likely to be replaced by an asynchronous zero-copy interface later. </P>
    </discussion>
    <constant name="ENDPOINT_NAME_TYPE" type="UINT" prefix="ENDPOINT_ADDR_">
      <constant-value name="MINE" ordinal="0x1">
      </constant-value>
      <constant-value name="PEER" ordinal="0x2">
      </constant-value>
    </constant>

    <method name="Accept" >
      <P>Wait for a new connection.</P>
      <discussion>
        <P>The <I>this</I> endpoint of this call is a template that is
           used solely for receiving new connections using accept.
           Various parameters can be set through <A HREF="#">SetSockOpt</A>,
           <A HREF="#">Bind</A>, <A HREF="#">Listen</A>.</P>
      </discussion>
      <arg type="PIENDPOINT *" name="ppIncomingConnection" direction="out" >
        <P>The newly established endpoint is returned here.</P>
      </arg>
      <arg type="struct sockaddr *" name="pAddr" direction="out" optional="true" size-is="AddrSize" length-is="pAddrLength">
        <P>Where the new connection came from?</P>
      </arg>
      <arg type="UINT32" name="AddrSize" >
        <P>Size of address buffer.</P>
      </arg>
      <arg type="UINT32 *" name="pAddrLength" direction="out" >
        <P>Actual size of address is returned here.</P>
      </arg>
    </method>

    <method name="Bind" >
      <P>Bind an endpoint to a particular local address.</P>
      <discussion>
        <P></P>
      </discussion>
      <arg type="const struct sockaddr *" name="Name"
           size-is="NameLen" >
        <P>Address to bind to. For an accept template endpoint this acts as a filter.  INADDR_ANY accepts all connections.</P>
      </arg>
      <arg type="UINT32" name="NameLen" >
        <P>Size of address.</P>
      </arg>
    </method>

    <method name="Close">
      <P>Explicitly close down an endpoint.</P>
    </method>

    <method name="Connect" >
      <P>Initiate a connection from this endpoint to the specified remote address.</P>
      <discussion>
        <P>If this is a UDP socket, no connection is actually established.  Rather later Writes/Sends will be sent to this address.</P>
      </discussion>
      <arg type="const struct sockaddr *" name="Name"
           size-is="NameLen" >
        <P>Remote address.</P>8
      </arg>
      <arg type="UINT32" name="NameLen" >
        <P>Size of the address.</P>
      </arg>
    </method>

    <method name="GetName" >
      <P>Get name of peer (if connected) or self.</P>
      <arg type="struct sockaddr *" name="Name"
           direction="out" size-is="NameSize" length-is="NameRetLen">
        <P>The address is returned here.</P>
      </arg>
      <arg type="UINT32" name="NameSize" >
        <P>The size of the address buffer.</P>
      </arg>
      <arg type="UINT32 *" name="NameRetLen" direction="out" >
        <P>The actual size of the address received is returned here.</P>
      </arg>
      <arg type="ENDPOINT_NAME_TYPE" name="WhichName" >
        <P>Selects whether to return address of peer or local end of connection.</P>
      </arg>
      <see-also HREF="#ENDPOINT_NAME_TYPE">ENDPOINT_NAME_TYPE</see-also>
    </method>

    <method name="GetSockOpt" >
      <P>Get our socket's option settings.</P>
      <arg type="INT32" name="Level" >
        <P>Category of option of interest. E.g. SOL_SOCKET.</P>
      </arg>
      <arg type="UINT32" name="OptName" >
        <P>Which option? E.g. SO_RCVTIMEO</P>
      </arg>
      <arg type="BYTE *" name="OptVal" 
           direction="out" size-is="OptSize" length-is="OptRetLen" >
        <P>Value of selected option is returned here.</P>
      </arg>
      <arg type="UINT32" name="OptSize" >
        <P>The size of the value buffer.</P>
      </arg>
      <arg type="UINT32 *" name="OptRetLen" direction="out">
        <P>The actual size of the value is returned here.</P>
      </arg>
    </method>

    <method name="Ioctl" >
      <P>Get or set various things.</P>
      <arg type="UINT32" name="cmd" >
        <P>What to do. See winsock.h for SIOC* values.</P>
      </arg>
      <arg type="/* [length_is][size_is][in] */ BYTE *" name="Data" 
           direction="out">
        <P>Buffer for setting and getting values.</P>
      </arg>
    </method>

    <method name="Listen" >
      <P>Ready to accept connections.</P>
      <arg type="INT32" name="BackLog" >
        <P>How many connections can wait for Accept?</P>
      </arg>
    </method>

    <method name="RecvFrom" >
      <P>Receive data from somewhere and return the origin.</P>
      <arg type="BYTE *" name="pBuffer"
           direction="out" size-is="Size" length-is="pSizeRecv">
        <P>Data received is placed here.</P>
      </arg>
      <arg type="UINT32" name="Size" >
        <P>Size of data buffer.</P>
      </arg>
      <arg type="UINT32 *" name="pSizeRecv" direction="out" >
        <P>Number of bytes received is returned here.</P>
      </arg>
      <arg type="UINT32" name="Flags" >
        <P>Selector for special processing, usually zero. E.g. MSG_OOB.</P>
      </arg>
      <arg type="struct sockaddr *" name="pFrom" direction="out" size-is="FromSize" length-is="pFromLength" optional="true">
        <P>Peer address is returned here.</P>
      </arg>
      <arg type="UINT32" name="FromSize" >
        <P>Size of address buffer.</P>
      </arg>
      <arg type="UINT32 *" name="pFromLength" direction="out" optional="true">
        <P>Actual size of address is returned here.</P>
      </arg>
    </method>

    <method name="SendTo" >
      <P>Send to a given destination.</P>
      <arg type="const BYTE *" name="pBuffer" 
           size-is="Size">
        <P>Data to be sent.</P>
      </arg>
      <arg type="UINT32" name="Size" >
        <P>Size of data.</P>
      </arg>
      <arg type="UINT32 *" name="pSizeSent" direction="out" >
        <P>Number of bytes actually sent.</P>
      </arg>
      <arg type="UINT32" name="Flags" >
        <P>Selector for special processing, usually zero. E.g. MSG_DONTROUTE.</P>
      </arg>
      <arg type="const struct sockaddr *" name="pTo"
           size-is="ToSize" >
        <P>Destination address.</P>
      </arg>
      <arg type="UINT32" name="ToSize" >
        <P>Size of address.</P>
      </arg>
    </method>

    <method name="SetSockOpt" >
      <P>Set our socket's option settings.</P>
      <arg type="UINT32" name="Level" >
        <P>Category of option of interest. E.g. SOL_SOCKET.</P>
      </arg>
      <arg type="UINT32" name="OptName" >
        <P>Which option? E.g. SO_LINGER.</P>
      </arg>
      <arg type="const BYTE *" name="OptVal"
           size-is="OptLen" >
        <P>New value of option.</P>
      </arg>
      <arg type="UINT32" name="OptLen" >
        <P>Size of value.</P>
      </arg>
    </method>

    <method name="Shutdown" >
      <P>Disable sends and/or receives on an Endpoint.</P>
      <arg type="UINT32" name="How">
        <P>Valid values for "How":
           0 - subsequent receives on the Endpoint will be disallowed.
           1 - subsequent sends are disallowed.
           2 - both 0 and 1.
        </P>
      </arg>
    </method>
  </interface>

  <interface name="IEndpointFactory" type="PIENDPOINTFACTORY"
             extends="IProgram" iid="051f5fe9-0066-4f44-8734-02fbef0a20f3">
    <P>Constructor and control for EndPoints.</P>

    <constant name="ENDPOINT_REQ_TYPES" type="UINT8" prefix="ENDPOINT_">
      <P>Type of event that is of interest in WaitForEndpoints.</P>
      <constant-value name="READ" ordinal="0x1">
        <P>IN: Interested in readability / EOF / new connection.</P>
      </constant-value>
      <constant-value name="WRITE" ordinal="0x2">
        <P>IN: Interested in room to write.</P>
      </constant-value>
      <constant-value name="EXCEPTION" ordinal="0x4">
        <P>IN: Interested in special cases like OOB data.</P>
      </constant-value>
      <constant-value name="USER0" ordinal="0x8">
        <P>NONE: available for app use.</P>
      </constant-value>
      <constant-value name="ISREADABLE" ordinal="0x10">
        <P>OUT: There is something to receive.</P>
      </constant-value>
      <constant-value name="ISWRITEABLE" ordinal="0x20">
        <P>OUT: There is room to send.</P>
      </constant-value>
      <constant-value name="ISEXCEPTIONAL" ordinal="0x40">
        <P>OUT: There is something special going on.</P>
      </constant-value>
      <constant-value name="USER1" ordinal="0x80">
        <P>NONE: available for app use.</P>
      </constant-value>
    </constant>

    <struct name="ifnet" />
    <struct name="mbuf" />
    <struct name="rtentry" />
    <struct name="ether_header" />

    <method-group name="Network application">
      <P>Methods for network users.</P>
    </method-group>

    <method name="CreateEndpoint" >
      <P>Build a new Endpoint object.</P>
      <notes>This is similar to <B>socket</B> in Winsock or Unix.</notes>
      <arg type="UINT32" name="Family">
        <P>Address family, e.g. AF_INET.</P>
      </arg>
      <arg type="UINT32" name="Type" >
        <P>Type of endpoint, e.g. SOCK_STREAM (for TCP) or SOCK_DGRAM (for 
        UDP).</P>
      </arg>
      <arg type="UINT32" name="Protocol" >
        <P>Specific protocol to use, usually IPPROTO_IP (0).</P>
      </arg>
      <arg type="PIENDPOINT *" name="ppNewEndpoint" direction="out" >
        <P>The newly created endpoint is returned here upon success.</P>
      </arg>
    </method>

    <method name="CreateEndpointPair" >
      <P>Create a pair of PIENDPOINT1 objects.</P>
      <arg type="PIENDPOINT1 *" name="ppNew1" direction="out" >
        <P>The newly created endpoint is returned here upon success.</P>
      </arg>
      <arg type="PIENDPOINT1 *" name="ppNew2" direction="out" >
        <P>The newly created second endpoint is returned here upon success.</P>
      </arg>
    </method>

    <method name="WaitForEndpoints" >
      <P>Wait for something to happen on a group of endpoints.</P>
      <notes>This is similar to select.</notes>
      <arg type="PIENDPOINT *" name="Endpoints" size-is="NumberEndpoints">
        <P>The set of endpoints to wait for.</P>
      </arg>
      <arg type="ENDPOINT_REQ_TYPES *" name="EventRequests"
           direction="inout" size-is="NumberEndpoints">
        <P>The events of interest for each endpoint in the set.</P>
      </arg>
      <arg type="UINT" name="NumberEndpoints" >
        <P>The size of the arrays.</P>
      </arg>
      <arg type="TIME" name="Timeout" >
        <P>If nothing happens, wakeup anyways at given time (or after a given time if Timeout is TIME_RELATIVE, i.e. negative.</P>
      </arg>
    </method>

    <method-group name="Network driver callback">
      <P>Methods for network drivers.</P>
    </method-group>
    
    <method name="AllocateBuffer">
      <P>Create an IBuffer (a packet header mbuf).</P>
      <notes>This method can also be useful to apps.</notes>
      <arg name="DataSize" type="UINT32">
        <P>Size needed for payload. Zero means just header.</P>
        <P>IFF recvif is non-NULL the buffer size is set to DataSize.
        Otherwise the size is treated as a mere hint on whether a large
        or a small buffer is preferable.</P>
      </arg>
      <arg name="recvif" type="PINETDRIVER" optional="true">
        <P>The interface the packet came from.
        This parameter should be NULL for non-driver use.
        </P>
      </arg>
      <arg name="NewBuffer" type="PIBUFFER *" direction="out">
        <P>The newly allocated buffer is returned here.</P>
      </arg>
    </method>

    <method name="EtherInput">
      <P>Deliver a packet up the protocol stack.</P>
      <arg type="PINETDRIVER" name="ifp">
        <P>Interface (network driver object)</P>
      </arg>
      <arg type="struct ether_header*" name="eh">
        <P>Ether Header</P>
      </arg>
      <arg type="PIBUFFER" name="m">
        <P>Packet</P>
      </arg>
    </method>

    <method name="EtherOutput">
      <P>Do the usual low level routing and addressing thing (ARP lookup,
      fill in ether header).</P>
      <arg type="PINETDRIVER" name="ifp">
        <P>Interface (network driver object).</P>
      </arg>
      <arg type="PIBUFFER" name="m">
        <P>Packet</P>
      </arg>
      <arg type="struct sockaddr *" name="dst">
        <P>Destination IP address</P>
      </arg>
      <arg type="struct route_in *" name="rti">
        <P>Routing info</P>
      </arg>
    </method>

    <method name="NetLock" type="void">
      <P>Acquire global lock for protocol stack.</P>
    </method>
    <method name="NetUnlock" type="void">
      <P>Release global lock for protocol stack.</P>
    </method>

    <method name="IfAttach">
      <P>Notify the protocol stack of new network interface.</P>
      <arg name="ifp" type="PINETDRIVER">
        <P>The interface (network driver instance) to add to the <I>active</I> interface list.</P>
      </arg>
    </method>

    <method name="SignalCondition" type="void">
      <P>Signal condition using the network stack lock as barrier mutex.
      </P>
      <arg name="pCond" type="PCONDITION">
        <P>Pointer to the codition to signal.</P>
      </arg>
    </method>

    <method name="WaitCondition">
      <P>Signal condition using the network stack lock as synch mutex.
      </P>
      <arg name="pCond" type="PCONDITION">
        <P>Pointer to the codition to wait for.</P>
      </arg>
      <arg name="pMutex" type="PMUTEX" optional="true">
        <P>Release this lock after taking net lock. Retaken after sleep.</P>
      </arg>
      <arg name="pTimeOut" type="PTIME" optional="true">
        <P>The timeout parameter to ConditionWait.</P>
      </arg>
    </method>
  </interface>

  <interface name="IBuffer" type="PIBUFFER" extends="IFile"
             iid="5ab31bb6-669d-463d-96ef-28aa8438e585">
    <P>A data item. An mbuf.</P>
    <discussion>
      <P></P>
    </discussion>

    <method name="Append">
      <P>Append argument buffer to this (chain).</P>
      <arg name="buf" type="PIBUFFER">
        <P>The new tail.</P>
      </arg>
    </method>

    <method name="Split" type="PIBUFFER">
      <P>Split chain at length and return tail.</P>
      <return-value value="NULL">Operation failed due to memory exhaustion
      or buffer is too short. Buffer content and size is unchanged
      (but might be composed and chained differently).</return-value>
      <arg name="Length" type="UINT32">
        <P>Where to split it.</P>
      </arg>
    </method>

    <method name="Truncate" type="void">
      <P>Drop data at either head or tail.</P>
      <arg name="Adjustment" type="INT">
        <P>Positive: drop at head.  Negative: drop at tail.</P>
      </arg>
    </method>

    <method name="MakeContiguous">
      <P>Make sure a section of buffer is contiguous.</P>
      <P>Rearranges chain so that data is contiguous.
      Extends chain and moves data around as needed.</P>
      <arg name="Offset" type="UINT">
        <P>How far into Buffer is the requested block.</P>
      </arg>
      <arg name="Size" type="UINT">
        <P>How much needs to be contiguous.</P>
      </arg>
    </method>

    <method name="Insert">
      <P>Inserts some space in buffer at given offset.</P>
      <arg name="Offset" type="UINT">
        <P>How far into Buffer is the requested block.</P>
      </arg>
      <arg name="Size" type="UINT">
        <P>How much needs to be inserted.</P>
      </arg>
    </method>

    <method name="Remove">
      <P>Delete some space in buffer at given offset.</P>
      <arg name="Offset" type="UINT">
        <P>How far into Buffer is the requested block.</P>
      </arg>
      <arg name="Size" type="UINT">
        <P>How much needs to be deleted.</P>
        <P>Special value UINT_MAX deletes the tail.</P>
      </arg>
    </method>

    <method name="GetDataPointer">
      <P>Get a direct pointer to data in buffer.</P>
      <notes>Any operation that may rearrange the chain renders the
      result returned by this method invalid.</notes>
      <arg name="Offset" type="UINT">
        <P>How far into Buffer is the pointer requested for.</P>
      </arg>
      <arg name="DataPointer" type="BYTE **" direction="out">
        <P>Get pointer to data.</P>
      </arg>
      <arg name="Size" type="PUINT32" direction="out">
        <P>Size of valid data following pointer.
         There may be more data trailing in other chunks.</P>
        <P>Call this method again with a larger Offset to get more chunks.</P>
      </arg>
    </method>

    <method name="ReadWriteFile">
      <P>Read/write piece of IFile into buffer. Write extends as needed.</P>
      <arg name="File" type="PIFILE">
        <P>Where to read the contents from.</P>
      </arg>
      <arg name="WriteIt" type="BOOL">
        <P>TRUE for write, FALSE for read.</P>
      </arg>
      <arg name="Position" type="UINT64">
        <P>File offset where to read/write.</P>
        <P>Special value UINT64_MAX appends on write.</P>
      </arg>
      <arg name="Offset" type="UINT">
        <P>Buffer offset where to read/write.</P>
        <P>Special value UINT_MAX appends on read.</P>
      </arg>
      <arg name="Size" type="UINT">
        <P>Size of request.</P>
        <P>Special value UINT_MAX means <I>as much as possible</I>.
        On write, the entire buffer starting at Offset. On read, the entire
        file starting at Position.</P>
      </arg>
      <arg name="pSizeTransferred" type="UINT *" direction="out" optional="true">
        <P>Size of data that was actually read/written is returned here.</P>
      </arg>
      <return-value value="S_FALSE">
        <P>This was the last chunk of the file.</P>
      </return-value>
    </method>

    <method name="ApplyCypher">
      <P>En/Decrypt content of buffer.</P>
      <arg name="Cypher" type="PICYPHER">
        <P>The cypher to be applied.</P>
      </arg>
      <arg name="Operation" type="UINT">
        <P>What to do (CYPHER_OPS).</P>
      </arg>

      <arg name="Offset" type="UINT">
        <P>Buffer offset where to apply.</P>
      </arg>
      <arg name="Size" type="UINT">
        <P>Maximum size to process.</P>
        <P>Special value UINT_MAX means <I>as much as possible</I>.</P>
      </arg>
      <arg name="pProduced" type="UINT *" direction="out" optional="true">
        <P>When present, allow partial completion (short data) and return
        the amount produced. The unprocessed residue follow. When using
        this option, be sure to either truncate the buffer chain or call
        ApplyCypher again on the (extended) residue.</P>
      </arg>
    </method>
  </interface>

  <interface name="IProtoSW" type="PIPROTOSW" extends="IUnknown"
             iid="f4ae7461-9f61-d68d-b49e-87c23c8e9ab5">
    <P>A protocol switch, describes one protocol.  Modeled after
       struct protosw found in the Berkeley stack</P>
    <discussion><P></P></discussion>

    <method name="GetParams">
      <P>Returns the parameters for the given protocol and flag.</P>
      <arg name="Type" type="UINT">
        <P>A flag describing what information to return</P>
      </arg>
    </method>

    <method name="Input">
      <P>Protocol input method.  Receives data from a lower layer
       and passes it onto the next layer.</P>
      <arg name="m" type="struct mbuf *"/>
      <arg name="iphlen" type="INT"/>
    </method>

    <method name="CtlInput">
      <arg name="cmd" type="INT"/>
      <arg name="sa" type="struct sockaddr *"/>
      <arg name="arg" type="void *"/>
    </method>
    
    <method name="CtlOutput">
      <arg name="op" type="INT"/>
      <arg name="sock" type="struct socket *"/>
      <arg name="level" type="INT"/>
      <arg name="optname" type="INT"/>
      <arg name="mp" type="struct mbuf **"/>
    </method>

    <method name="UsrReq">
      <P>The user-protocol request method.  This is used to control
       the protocol.</P>
      <arg name="sock" type="struct socket *">
        <P>The socket that the protocol "belongs" to.</P>
      </arg>
      <arg name="req" type="INT">
        <P>Identifies the request type.</P>
      </arg>
      <arg name="m" type="struct mbuf *"/>
      <arg name="nam" type="struct mbuf *"/>
      <arg name="control" type="struct mbuf *"/>
    </method>

    <method name="Init">
    </method>

    <method name="FastTimO">
    </method>

    <method name="SlowTimO">
    </method>

    <method name="Drain">
    </method>

    <method name="Sysctl">
      <arg name="name" type="INT *"/>
      <arg name="namelen" type="UINT"/>
      <arg name="oldp" type="void *"/>
      <arg name="oldlenp" type="size_t *"/>
      <arg name="newp" type="void *"/>
      <arg name="newlen" type="size_t"/>
    </method>
  </interface>

</mmlite-spec>
