<?xml version='1.0'?>
<!-- Copyright (c) Microsoft Corporation. All rights reserved. -->
<!-- Included from spec.xml -->
<mmlite-spec xmlns="x-schema:spec-schema.xml">

  <!-- ****** Products ****** -->

  <product name="aeb-http">
    <profile-name>httpserver</profile-name>
    <hardware-platform-name>aeb</hardware-platform-name>
    <P>http on an arm evaluation board</P>
  </product>

  <product name="aeb-std">
    <profile-name>std</profile-name>
    <hardware-platform-name>aeb</hardware-platform-name>
    <P>Default config for pc</P>
  </product>

  <product name="sidearm-http">
    <profile-name>httpserver</profile-name>
    <hardware-platform-name>sidearm</hardware-platform-name>
    <P>http on an arm evaluation board</P>
  </product>

  <product name="sidearm-std">
    <profile-name>std</profile-name>
    <hardware-platform-name>sidearm</hardware-platform-name>
    <P>Default config for pc</P>
  </product>

  <product name="pc-testXXX">
    <profile-name>testXXX</profile-name>
    <hardware-platform-name>pc</hardware-platform-name>
    <P>http on a pc</P>
  </product>

  <product name="pc-http">
    <profile-name>httpserver</profile-name>
    <hardware-platform-name>pc</hardware-platform-name>
    <P>http on a pc</P>
  </product>

  <product name="pc-std">
    <profile-name>std</profile-name>
    <hardware-platform-name>pc</hardware-platform-name>
    <P>Default config for pc</P>
  </product>

  <product name="ntsim-std">
    <profile-name>std</profile-name>
    <hardware-platform-name>ntsim</hardware-platform-name>
    <P>Default config for pc</P>
  </product>

  <product name="pc-all">
    <profile-name>all</profile-name>
    <hardware-platform-name>pc</hardware-platform-name>
    <P>Everything on a pc</P>
  </product>

  <product name="pc-minimal">
    <profile-name>minimal</profile-name>
    <hardware-platform-name>pc</hardware-platform-name>
    <P>Minimal system on a pc</P>
  </product>

</mmlite-spec>
