<?xml version='1.0' encoding="iso-8859-1" ?>

<!-- Copyright (c) Microsoft Corporation. All rights reserved. -->

<!-- Included from spec.xml -->
<mmlite-spec xmlns="x-schema:spec-schema.xml">

  <!-- ****** Profiles ****** -->

<!-- *** Standard groupings *** -->

  <profile name="BASIC_NET_COMMON">
    <contains-component>drivercfg</contains-component>
    <contains-component>drivers</contains-component>
    <contains-component>protocol</contains-component>
    <uses-library name="ip"/>
    <uses-library name="igmp"/>
    <uses-library name="route"/>
    <uses-library name="udp"/>
    <uses-library name="sockets"/>
    <P>Networking w/o TCP.</P>
  </profile>

  <profile name="BASIC_NET">
    <expands-profile>BASIC_NET_COMMON</expands-profile>
    <uses-library name="tcp"/>
    <uses-library name="dhcp"/>
    <uses-library name="fakedns"/>
    <P>Components required to make the networking stack functional.</P>
  </profile>

  <profile name="FULL_NET">
    <expands-profile>BASIC_NET_COMMON</expands-profile>
    <uses-library name="tcp"/>
    <uses-library name="dhcp"/>
    <uses-library name="dns"/>
    <uses-library name="wsock32"/>
    <P>Full tcp/ip with DNS.</P>
  </profile>
  
  <profile name="UDP_NET">
    <expands-profile>BASIC_NET_COMMON</expands-profile>
    <uses-library name="dhcp"/>
    <uses-library name="faketcp"/>
    <P>Networking w/o TCP.</P>
  </profile>

  <profile name="BASIC_SOAP2">
    <contains-component>tokenizer</contains-component>
    <contains-component>sax</contains-component>
    <contains-component>http</contains-component>
    <contains-component>soap</contains-component>
    <contains-component>convert</contains-component>
    <contains-component>tmp_heap</contains-component>
    <uses-library name="typeinfo"/>
  </profile>

  <profile name="WS_MAN">
    <expands-profile>BASIC_SOAP2</expands-profile>
    <contains-component>wsaddr</contains-component>
    <contains-component>wsdiscov</contains-component>
    <contains-component>wsman</contains-component>
    <contains-component>cimdb</contains-component>
    <contains-component>cimsample</contains-component>
    <uses-library name="ws"/>
    <contains-component>base64</contains-component>
    <uses-namespace prefix="wsa"/>
    <uses-namespace prefix="cim"/>
    <uses-namespace prefix="wxf"/>
    <uses-namespace prefix="wsman"/>
    <uses-namespace prefix="wsmid"/>
    <uses-namespace prefix="cfg"/>
    <uses-namespace prefix="wsen"/>
    <uses-namespace prefix="xml"/>
    <uses-namespace prefix="soap"/>
    <uses-namespace prefix="xsd"/>
    <uses-namespace prefix="xsi"/>
<!--    <uses-namespace prefix="p"/> -->
  </profile>

  <profile name="WS_SECURE">
    <include file="profiles_private.xml" optional="true"
             select="/mic:mmlite-spec/mic:profile[@name='WS_SECURE']/*"/>
    <P>These component contains crypto support for WS-Management</P>
  </profile>

  <profile name="WS_MAN_TCP">
    <expands-profile>BASIC_NET</expands-profile>
    <expands-profile>WS_MAN</expands-profile>
  </profile>

  <profile name="WS_MAN_UDP">
    <expands-profile>UDP_NET</expands-profile>
    <expands-profile>WS_MAN</expands-profile>
  </profile>

  <profile name="DS">
    <expands-profile>BASIC_SOAP2</expands-profile>
    <contains-component>wsaddr</contains-component>
    <contains-component>dssp</contains-component>
    <contains-component>cimdb</contains-component>
    <uses-library name="ws"/>
    <uses-namespace prefix="wsa"/>
    <uses-namespace prefix="dssp"/>
    <uses-namespace prefix="xml"/>
    <uses-namespace prefix="soap"/>
    <uses-namespace prefix="soapenc"/><!-- used by InitContinuation -->
    <uses-namespace prefix="xsd"/>
    <uses-namespace prefix="xsi"/>

    <uses-namespace prefix="st1"/>
    <uses-namespace prefix="tpolicy"/>
  </profile>
  
  <profile name="DS_DEMO">
    <expands-profile>BASIC_NET</expands-profile>
    <expands-profile>DS</expands-profile>
  </profile>
  
  <profile name="RT_SOAP">
    <contains-component>sensor</contains-component>
    <contains-component>planner</contains-component>
    <contains-component>statistics</contains-component>
    <contains-component>sampling</contains-component>
    <contains-component>sntp</contains-component>
    <contains-component>wsres</contains-component>
  </profile>

  <profile name="WS_DEMO">
    <expands-profile>WS_MAN</expands-profile>
    <expands-profile>WS_SECURE</expands-profile>
    <expands-profile>RT_SOAP</expands-profile>
    <contains-component>marionette</contains-component>
    <contains-component>tabletService</contains-component>
    <contains-component>calc</contains-component>
    <contains-component>topolino</contains-component>
  </profile>

  <profile name="EVERY_NAMESPACE">
    <uses-namespace prefix="*"/>
  </profile>

  <profile name="ALL_WEB">
    <expands-profile>FULL_NET</expands-profile>
    <expands-profile>DS</expands-profile>
    <expands-profile>WS_DEMO</expands-profile>
    <expands-profile>EVERY_NAMESPACE</expands-profile>
  </profile>

<!-- *** Specific platforms and configs *** -->

  <profile name="EB63BIG">
    <P>arm board, everything in one image.</P>
    <contains-component>tzk</contains-component>
    <contains-component>sernet</contains-component>
    <contains-component>serplex</contains-component>
    <contains-component>hostfs</contains-component>
<!--    <contains-component>eb63usart</contains-component> -->
<!--    <contains-component>db161</contains-component> -->
    <expands-profile>ALL_WEB</expands-profile>
    <uses-library name="ws"/>
    <uses-library name="wsock32"/>
  </profile>

  <profile name="EB63DS">
    <P>arm board, everything for dssp in one image.</P>
    <contains-component>sernet</contains-component>
    <contains-component>serplex</contains-component>
    <!--    <contains-component>eb63usart</contains-component> -->
    <!--    <contains-component>db161</contains-component> -->
    <expands-profile>DS_DEMO</expands-profile>
    <uses-library name="ws"/>
  </profile>
  
  <profile name="NTUBIG">
    <P>emulation under Windows, everything in one image.</P>
    <contains-component>tzk</contains-component>
    <contains-component>simnic</contains-component>
    <contains-component>sernet</contains-component>
    <contains-component>serplex</contains-component>
    <contains-component>hostfs</contains-component>    
<!--
    <expands-profile>SPE_DEMO</expands-profile>    
-->
    <expands-profile>ALL_WEB</expands-profile>
    <uses-library name="ws"/>
    <uses-library name="wsock32"/>
  </profile>

  <profile name="NTUSEC">
    <P>emulation under Windows, package for secure ws-man.</P>
    <contains-component>sernet</contains-component>
    <contains-component>serplex</contains-component>
    <contains-component>hostfs</contains-component>
    <expands-profile>WS_MAN_UDP</expands-profile>
  </profile>

  <profile name="NTUDS">
    <P>emulation under Windows, package for dssp.</P>
    <contains-component>simnic</contains-component>
    <contains-component>sernet</contains-component>
    <contains-component>serplex</contains-component>
    <!--    <contains-component>eb63usart</contains-component> -->
    <!--    <contains-component>db161</contains-component> -->
    <expands-profile>DS_DEMO</expands-profile>
    <uses-library name="ws"/>
  </profile>

  <profile name="WINBIG">
    <P>Application under Windows, everything in one image.</P>
    <contains-component>tzk</contains-component>
    <contains-component>protocol</contains-component>
    <contains-component>dssp</contains-component>
    <expands-profile>WS_DEMO</expands-profile>
<!--
    <expands-profile>SPE_DEMO</expands-profile>
-->
    <expands-profile>EVERY_NAMESPACE</expands-profile>
    <uses-library name="ws"/>
<!--
    <uses-library name="wsock32"/>
-->
  </profile>

  <profile name="HYPERBIG">
    <P>Application under Windows, everything in one image.</P>
    <contains-component>tzk</contains-component>    
<!--
    <expands-profile>SPE_DEMO</expands-profile>
    <expands-profile>ALL_WEB</expands-profile>      
    <uses-library name="wsock32"/>
    <uses-library name="everyns"/>
-->
  </profile>

<!-- *** DEPRECATED old configs *** -->

  <profile name="BASIC_SOAP_UDP">
    <contains-component>tokenizer</contains-component>
    <contains-component>sax</contains-component>
    <contains-component>soap</contains-component>
    <contains-component>convert</contains-component>
    <contains-component>tmp_heap</contains-component>
    <contains-component>wsaddr</contains-component>
    <contains-component>wsres</contains-component>
    <contains-component>calc</contains-component>
    <contains-component>sensor</contains-component>
    <contains-component>http</contains-component>
    <contains-component>planner</contains-component>
    <contains-component>statistics</contains-component>
    <contains-component>sampling</contains-component>
    <contains-component>wsman</contains-component>
    <contains-component>wsdiscov</contains-component>
    <contains-component>base64</contains-component>
    <P>Components for enabling SOAP over UDP.</P>
  </profile>

  <profile name="BASIC_SOAP">
    <expands-profile>BASIC_SOAP_UDP</expands-profile>
    <contains-component>sntp</contains-component>
    <contains-component>marionette</contains-component>
    <contains-component>tabletService</contains-component>
    <contains-component>cimdb</contains-component>
    <contains-component>dssp</contains-component>
    <contains-component>cimsample</contains-component>
    <contains-component>tzk</contains-component>
    <P>Old configuration.</P>
  </profile>


</mmlite-spec>
