<?xml version='1.0'?>
<!-- Copyright (c) Microsoft Corporation. All rights reserved. -->

<!-- Included from spec.xml -->

<mmlite-spec xmlns="x-schema:spec-schema.xml">

  <interface-group name="Samples">
    <P>Interface samples for web services.</P>
    <discussion>
      <P>These are used by sample programs.
      </P>
    </discussion>
  </interface-group>

  <!-- ****** Interfaces ****** -->

  <interface name="ISampleCalculator" type="PISAMPLECALCULATOR" extends="IUnknown"
             iid="40d442d7-571c-4cd0-a2d8-bcee5dc0db53">
    <namespace prefix="tns" token="28">http://soapinterop.org/</namespace>
    <namespace prefix="tnstype"
               token="29" type="STRUCT">http://soapinterop.org/xsd</namespace>
    <namespace prefix="m"
               token="30">http://tempuri.org/Calc/message/</namespace>

    <P>An interface for performing addition.</P>

    <typedef name="PSEUDOFLOAT" type="UINT32">
      <P>Marshaled as xsd:float but represented as UINT32 in C.</P>
    </typedef>
    
    <struct name="SOAPStruct" doptype="true" dotype="true" >
      <field name="varInt" type="UINT32"></field>
      <field name="varString" type="string"></field>
      <field name="varFloat" type="PSEUDOFLOAT"></field>
    </struct>
  
    <struct name="SOAPArrayStruct" doptype="true" >
      <field name="varString" type="string"></field>
      <field name="varInt" type="UINT32"></field>
      <field name="varFloat" type="PSEUDOFLOAT"></field>
      <field name="varArray" type="string" array="2"></field>
    </struct>
  
    <struct name="SOAPStructStruct" doptype="true" >
      <field name="varString" type="string"></field>
      <field name="varInt" type="UINT32"></field>
      <field name="varFloat" type="PSEUDOFLOAT"></field>
      <field name="varStruct" type="SOAPStruct"></field>
    </struct>
  
    <struct name="PUB_KEY" doptype="true" dotype="true">
      <field type="UINT32" name="magic"></field>
      <field type="UINT32" name="keylen"></field>
      <field type="UINT32" name="bitlen"></field>
      <field type="UINT32" name="datalen"></field>
      <field type="UINT32" name="pubexp"></field>
      <field type="UINT32" name="key" array="32"><P>Actual key.</P></field> <!-- 1024 bits size-is="datalen" -->
    </struct>

    <struct name="CERTIFICATE" doptype="true" dotype="true">
        <P>The size of CERTIFICATE is 252 bytes!</P>
      <field name="ID" type="UINT32" array="9"></field>
      <field name="Name" type="UINT32" array="17"></field>
      <field name="PubKey" type="PUB_KEY"></field>
    </struct>

    <struct name="ListTestStruct" doptype="true" >
      <field name="foo" type="UINT32" serialize-as="text()"/>
      <field name="ListNode" type="LISTNODE"></field>
    </struct>

    <method-group name="Calculator">
      <P>These are the calc.js tests of SOAP Toolkit 3.0.</P>
    </method-group>

    <method name="Add" type="UINT32" stacksize="2048">
      <P>Adds two 32-bit integers and returns the 32-bit result.</P>
      <arg type="UINT32" name="A">
        <P>First parameter for the add operation.</P>
      </arg>
      <arg type="UINT32" name="B">
        <P>Second parameter for the add operation.</P>
      </arg>
    </method>

    <method name="Subtract" type="UINT32" stacksize="2048">
      <ifdef>!_MINIMIZE</ifdef>
      <P>Subtracts two 32-bit integers and returns the 32-bit result.</P>
      <arg type="UINT8" name="A">
        <P>First parameter for the sub operation.</P>
      </arg>
      <arg type="UINT16" name="B">
        <P>Second parameter for the sub operation.</P>
      </arg>
    </method>

    <method name="Multiply" type="UINT32" stacksize="2048">
      <ifdef>!_MINIMIZE</ifdef>
      <P>Multiplies two 32-bit integers and returns the 32-bit result.</P>
      <arg type="UINT32" name="A">
        <P>First parameter for the add operation.</P>
      </arg>

      <arg type="UINT32" name="B">
        <P>Second parameter for the add operation.</P>
      </arg>
    
    </method>

    <method name="Divide" type="UINT32" stacksize="2048">
      <ifdef>!_MINIMIZE</ifdef>
      <P>Divides two 32-bit integers and returns the 32-bit result.</P>
      <arg type="UINT32" name="A">
        <P>First parameter for the Divide operation.</P>
      </arg>

      <arg type="UINT32" name="B">
        <P>Second parameter for the Divide operation.</P>
      </arg>
    </method>

    <method-group name="Security">
      <P>These are methods for security issue.</P>
    </method-group>

    <method name="GetPubKey" type="UINT" resultname="return" stacksize="8192">
      <P>Return the certificate.</P>
      <arg type="void*" name="PubKey" direction="out" array="148">
        <P>Output the public key. 148 = 37*4 (includes 5-UINT header and 32-UINT key).</P>
      </arg>
    </method>
    
    <method name="GetCertificate" type="UINT" resultname="return" stacksize="512">
      <P>Exchange the signed certificate.</P>
      <arg type="void*" name="signedcert" direction="out" array="256">
        <P>The array size is two times the block size </P>
      </arg>
    </method>
    
    <method name="Crypt" type="UINT" resultname="return" stacksize="8192">
      <P>Encrypt a block of data with the public key id Flag is true.
         Otherwise decrypt with the private key. The block size is 128 bytes (=1024/8).</P>
      <arg type="void*" name="CypherText" direction="in" array="128">
      </arg>
      <arg type="void*" name="PlainText" direction="out" array="128">
      </arg>
      <arg type="BOOL" name="Flag" direction="in">
        <P>Use pub key if true.</P>
      </arg>
    </method>
    
    <method name="OwnerAuthenticate" type="UINT" resultname="return" stacksize="8192">
      <P></P>
      <arg type="void*" name="PubKey" direction="in" array="148">
        <P>Input the public key. 148 = 37*4 (includes 5-UINT header and 32-UINT key).</P>
      </arg>
      <arg type="void*" name="InText" direction="in" array="128">
      </arg>
      <arg type="void*" name="OutText" direction="out" array="128">
      </arg>
    </method>
    
    <method name="SignCertificate" type="UINT" resultname="return" stacksize="8192">
      <P>Return the certificate.</P>
      <arg type="void*" name="cert" direction="in" array="252">
        <P>An input CERT struct.</P>
      </arg>
      <arg type="void*" name="signedcert" direction="out" array="256">
        <P>An output signed CERT struct. The array size is the size of struct CERTIFICATE
        </P>
      </arg>
    </method>
    
    <method name="Revoke" type="UINT" resultname="return" stacksize="8192">
      <P>Blank the device. If the seal is not the owner, return S_FALSE.</P>
      <arg type="string" name="SealURL" direction="in">
        <P>The seal's url.</P>
      </arg>
    </method>
    
    <method name="InitOwner" type="UINT" resultname="return" stacksize="8192">
      <P>Seal sends Init request ...</P>
      <arg type="string" name="SealURL" direction="in">
        <P>The seal's url.</P>
      </arg>
    </method>

    <method name="SetSessionKey" type="UINT" resultname="return" stacksize="2560">
      <P>Set the session key.</P>
      <arg type="void*" name="SignedClientCert" direction="in" array="256">
        <P>An input signed certificate.</P>
      </arg>
      <arg type="void*" name="SKey" direction="in" array="128">
        <P>An encrypted 128-bit AES session key. The block size is 128 bytes (=1024/8)</P>
      </arg>
    </method>
    
    <method name="ClearSessionKey" type="UINT" resultname="return" stacksize="1024">
      <P>To clear the session key, we don't need to authenticate the client because 
         the session key is still valid before cleared.</P>
    </method>
    
    <method name="DiscoverService" stacksize="8192">
      <P>If we provide the service then reply with our URL. Otherwise don't reply.</P>
      <arg type="string" name="Service" direction="in">
        <P>The service's unique ID.</P>
      </arg>
      <arg type="string" name="ServiceURL" direction="out" size-is="ServiceURLSize" array="80">
        <P>The service's url.</P>
      </arg>
      <arg type="UINT" name="ServiceURLSize" direction="in">
        <P>Max size of ServiceURL.</P>
      </arg>
    </method>
    
    <method-group name="Simple">
      <P>These are the simple.asmx tests of ASP.NET SOAP interop tests.</P>
    </method-group>

    <method name="echoFloatArray" type="void" stacksize="1024">
      <ifdef>!_MINIMIZE</ifdef>
      <P>Test returning a pseudo-float array.</P>
      <arg type="PSEUDOFLOAT*" name="inputFloatArray" direction="in" size-is="inputFloatArraySize" >
        <P>An input integer array.</P>
      </arg>
      <arg type="UINT" name="inputFloatArraySize" direction="in">
      </arg>
      <arg type="PSEUDOFLOAT*" name="return" direction="out" array="100"
        size-is="outputFloatArraySize" length-is="outputFloatArrayLength">
        <P>The array of items.</P>
      </arg>
      <arg type="UINT" name="outputFloatArraySize" direction="out">
        <P>The maximum number of items.</P>
      </arg>
      <arg type="UINT*" name="outputFloatArrayLength" direction="out">
        <P>The actual number of items.</P>
      </arg>
    </method>

    <method name="echoVoid" type="void" stacksize="1024">
      <ifdef>!_MINIMIZE</ifdef>
      <P>Test returning a void.</P>
    </method>

    <method name="echoDate" type="void" stacksize="4096">
      <ifdef>!_MINIMIZE</ifdef>
      <P>Test.</P>
      <arg type="TIME" name="inputDate" direction="in">
        <P>Input time value.</P>
      </arg>
      <arg type="TIME*" name="return" direction="out" >
        <P>Output time value.</P>
      </arg>
    </method>

    <method name="echoInteger" type="UINT32" resultname="return" stacksize="512">
      <ifdef>!_MINIMIZE</ifdef>
      <P>Test returning an integer.</P>
      <arg type="UINT" name="inputInteger">
        <P>An input string.</P>
      </arg>
    </method>

    <method name="echoStruct" type="void" stacksize="1024">
      <ifdef>!_MINIMIZE</ifdef>
      <P>Test returning a struct.</P>
      <arg type="PSOAPStruct" name="inputStruct" direction="in">
        <P>An input struct.</P>
      </arg>
      <arg type="PSOAPStruct" name="return" direction="out">
        <P>An output struct.</P>
      </arg>
    </method>

    <method name="echoStruct1" type="PSOAPStruct"
            responsename="echoStructResponse" resultname="return"
            stacksize="1024">
      <ifdef>!_MINIMIZE</ifdef>
      <P>Test returning a struct.</P>
      <arg type="PSOAPStruct" name="inputStruct" direction="in">
        <P>An input struct.</P>
      </arg>
    </method>

    <method name="echoBase64" stacksize="2048">
      <ifdef>!_MINIMIZE</ifdef>
      <P>Test.</P>
      <arg type="void*" name="inputBase64" direction="in"
           size-is="inputDataSize">
        <P>A byte array.</P>
      </arg>
      <arg type="UINT" name="inputDataSize" direction="in">
        <P>The number of items.</P>
      </arg>

      <arg type="void*" name="return" direction="out" array="1000"
           size-is="outputDataSize" length-is="outputDataLength">
        <P>A block of memory.</P>
      </arg>
      <arg type="UINT" name="outputDataSize" direction="out">
        <P>The maximum number of bytes.</P>
      </arg>
      <arg type="UINT*" name="outputDataLength" direction="out">
        <P>The actual number of bytes.</P>
      </arg>
    </method>

    <method name="echoString" type="void" stacksize="1024">
      <ifdef>!_MINIMIZE</ifdef>
      <P>Test returning a string terminated with NUL etc.
      </P>
      <arg type="string" name="inputString" direction="in">
        <P>An input string.</P>
      </arg>
      <arg type="string" name="return" direction="out" size-is="returnSize" array="100" >
        <P>An output string.</P>
      </arg>
      <arg type="UINT" name="returnSize">
        <P>Max size of string.</P>
      </arg>
    </method>

    <method name="echoString1" responsename="echoStringResponse"
            resultname="return" type="string" stacksize="1024">
      <ifdef>!_MINIMIZE</ifdef>
      <P>Test returning a string terminated with NUL etc.
      String is returned as return value.
      </P>
      <arg type="string" name="inputString" direction="in" >
        <P>An input string.</P>
      </arg>
    </method>

    <method name="echoBoolean" type="void" stacksize="1024">
      <ifdef>!_MINIMIZE</ifdef>
      <P>Test returning boolean type.</P>
      <arg type="BOOL" name="inputBoolean">
        <P>An input.</P>
      </arg>
      <arg type="BOOL*" name="return" direction="out">
        <P>An output.</P>
      </arg>
    </method>

    <method name="echoIntegerArray" type="void" stacksize="1024">
      <ifdef>!_MINIMIZE</ifdef>
      <P>Test returning an integer array.</P>
      <arg type="UINT*" name="inputIntegerArray" direction="in" size-is="inputIntegerArraySize" >
        <P>An input integer array.</P>
      </arg>
      <arg type="UINT" name="inputIntegerArraySize" direction="in">
        <P>The number of items.</P>
      </arg>
      <arg type="UINT*" name="return" direction="out" size-is="outputIntegerArraySize" length-is="outputIntegerArrayLength" array="10">
      </arg>
      <arg type="UINT" name="outputIntegerArraySize" direction="out">
        <P>The maximum number of items.</P>
      </arg>
      <arg type="UINT*" name="outputIntegerArrayLength" direction="out">
        <P>The actual number of items.</P>
      </arg>
    </method>

    <method name="echoIntegerArray1" type="UINT*" array="2"
            responsename="echoIntegerArrayResponse" resultname="return"
            stacksize="1024">
      <ifdef>!_MINIMIZE</ifdef>
      <P>Test returning an integer array.</P>
      <arg type="UINT*" name="inputIntegerArray" direction="in" array="2">
        <P>An input integer array.</P>
      </arg>
    </method>

    <method name="echoFloat" type="void" stacksize="1024">
      <ifdef>!_MINIMIZE</ifdef>
      <P>Test returning float. NOTE: floats are truncated to ints.</P>
      <arg type="PSEUDOFLOAT" name="inputFloat">
        <P>An input pseudo-float.</P>
      </arg>
      <arg type="PSEUDOFLOAT*" name="return" direction="out">
        <P>An output pseudo-float.</P>
      </arg>
    </method>

    <method name="echoStringArray" type="void" stacksize="1024">
      <ifdef>!_MINIMIZE</ifdef>
      <P>Test returning a string array.</P>
      <arg type="string[]" name="inputStringArray" direction="in"
           size-is="inputStringArraySize">
        <P>An input string array.</P>
      </arg>
      <arg type="UINT" name="inputStringArraySize" direction="in">
        <P>The number of items.</P>
      </arg>
      <arg type="string[]" name="return" direction="out" array="3"
           size-is="outputStringArraySize" length-is="outputStringArrayLength">
        <P>An input integer array.</P>
      </arg>
      <arg type="UINT" name="outputStringArraySize" direction="in">
        <P>The maximum number of items.</P>
      </arg>
      <arg type="UINT*" name="outputStringArrayLength" direction="out">
        <P>The actual number of items.</P>
      </arg>
    </method>
    
    <method name="echoStringArray1" type="string[]" array="2"
            responsename="echoStringArrayResponse" resultname="return"
            stacksize="1024">
      <ifdef>!_MINIMIZE</ifdef>
      <P>Test returning a string array.</P>
      <arg type="string[]" name="inputStringArray" direction="in" array="2">
        <P>An input string array. NOTE: since there is no size-is arg,
           the array length must be fixed.</P>
      </arg>
    </method>

    <method name="echoStructArray" type="void" stacksize="1024">
      <ifdef>!_MINIMIZE</ifdef>
      <P>Test returning a struct array.</P>
      <arg type="PSOAPStruct" name="inputStructArray" direction="in"
           size-is="inputStructArraySize">
        <P>An input struct array.</P>
      </arg>
      <arg type="UINT" name="inputStructArraySize" direction="in">
      </arg>
      <arg type="PSOAPStruct" name="return" direction="out" array="5"
           size-is="outputStructArraySize" length-is="outputStructArrayLength">
        <P>An output struct array.</P>
      </arg>
      <arg type="UINT" name="outputStructArraySize" direction="in">
        <P>The maximum number of items.</P>
      </arg>
      <arg type="UINT*" name="outputStructArrayLength" direction="out">
        <P>The actual number of items.</P>
      </arg>
    </method>

    <method name="echoDecimal" type="void" stacksize="1024">
      <ifdef>!_MINIMIZE</ifdef>
      <P>Test returning 64 bit unsigned integer (xsd:decimal).</P>
      <arg type="INT64" name="inputDecimal">
        <P>An input.</P>
      </arg>
      <arg type="INT64*" name="return" direction="out">
        <P>An output.</P>
      </arg>
    </method>

    <method-group name="SimpleB">
      <P>These are the simpleB.asmx tests of ASP.NET SOAP interop tests.</P>
    </method-group>

    <method name="echoSimpleTypesAsStruct" type="void" stacksize="1024">
      <ifdef>!_MINIMIZE</ifdef>
      <P>Test.</P>
      <arg type="string" name="inputString">
        <P>An input string.</P>
      </arg>
      <arg type="UINT" name="inputInteger">
        <P>An input int.</P>
      </arg>
      <arg type="PSEUDOFLOAT" name="inputFloat" >
        <P>An input pseudo-float (really an int).</P>
      </arg>

      <arg type="PSOAPStruct" name="return" direction="out">
        <P>An output struct.</P>
      </arg>
    </method>

    <method name="echoNestedArray" type="void" stacksize="1024">
      <ifdef>!_MINIMIZE</ifdef>
      <P>Test.</P>
      <arg type="PSOAPArrayStruct" name="inputStruct" direction="in">
        <P>An input struct.</P>
      </arg>
      <arg type="PSOAPArrayStruct" name="return" direction="out">
        <P>An output struct.</P>
      </arg>
    </method>

    <method name="echoNestedStruct" type="void" stacksize="1024">
      <ifdef>!_MINIMIZE</ifdef>
      <P>Test.</P>
      <arg type="PSOAPStructStruct" name="inputStruct" direction="in">
        <P>An input struct.</P>
      </arg>
      <arg type="PSOAPStructStruct" name="return" direction="out">
        <P>An output struct.</P>
      </arg>
    </method>

    <method name="echoStructAsSimpleTypes" type="void" stacksize="1024">
      <ifdef>!_MINIMIZE</ifdef>
      <P>Test.</P>
      <arg type="PSOAPStruct" name="inputStruct" direction="in">
        <P>An input struct.</P>
      </arg>
      <arg type="string" name="outputString" direction="out"
           size-is="outputStringSize" array="100" >
        <P>An output string.</P>
      </arg>
      <arg type="UINT" name="outputStringSize">
        <P>Size of outputString.</P>
      </arg>
      <arg type="PUINT" name="outputInteger" direction="out" >
        <P>An output int.</P>
      </arg>
      <arg type="PSEUDOFLOAT*" name="outputFloat" direction="out" >
        <P>An output pseudo-float (really an int).</P>
      </arg>
    </method>

    <method name="echo2DStringArray" type="void" stacksize="1024">
      <ifdef>!_MINIMIZE</ifdef>
      <P>Test. Placeholder XXX same as echoStringArray for now. Fix later.</P>
      <arg type="string[]" name="input2DStringArray" direction="in"
           size-is="input2DStringArraySize">
        <P>An input string array.</P>
      </arg>
      <arg type="UINT" name="input2DStringArraySize" direction="in">
      </arg>
      <arg type="string[]" name="return" direction="out" array="7"
           size-is="output2DStringArraySize" length-is="output2DStringArrayLength">
        <P>An input integer array.</P>
      </arg>
      <arg type="UINT" name="output2DStringArraySize">
        <P>The maximum number of items.</P>
      </arg>
      <arg type="UINT*" name="output2DStringArrayLength" direction="out">
        <P>The actual number of items.</P>
      </arg>
    </method>
    
    <method-group name="Other">
      <P>Other test methods, used by demos etc.</P>
    </method-group>

    <method name="Identify" type="UINT32" stacksize="4096">
      <ifdef>!_MINIMIZE</ifdef>
      <P>Identifies by looking up with the NT service. The first
         parameter is used. The second parameter is ignored.</P>
    
      <arg type="UINT32" name="A">
        <P>First parameter for the identify operation.</P>
      </arg>

      <arg type="UINT32" name="B">
        <P>Second parameter ignored.</P>
      </arg>
    </method>

    <method name="MarshalTest" type="UINT" resultname="Result" stacksize="2500">
      <ifdef>!_MINIMIZE</ifdef>
      <P>Test returning strings etc.</P>
    
      <arg type="string" name="instr">
        <P>An input string.</P>
      </arg>

      <arg type="PUINT" name="outint" direction="out" >
        <P>An output int.</P>
      </arg>

      <arg type="PINT64" name="outint64" direction="out" >
        <P>An output int64.</P>
      </arg>

      <arg type="string" name="outstr" direction="out" size-is="outstrsize" array="100">
        <P>An output string.</P>
      </arg>
      <arg type="UINT" name="outstrsize">
        <P>Size of outstr.</P>
      </arg>

      <arg type="PTR" name="inblob" size-is="inblobsize" >
        <P>An input memory block.</P>
      </arg>
      <arg type="UINT" name="inblobsize">
        <P>Size of block.</P>
      </arg>

      <arg type="PTR" name="outblob" direction="out" array="100"
           size-is="outblobsize" length-is="outbloblength" >
        <P>An output memory block.</P>
      </arg>
      <arg type="UINT" name="outblobsize">
        <P>Max size.</P>
      </arg>
      <arg type="PUINT" direction="out" name="outbloblength">
        <P>Actual size.</P>
      </arg>

      <arg type="PTR" name="inoutblob" direction="inout" array="100"
           size-is="inoutblobsize" length-is="inoutbloblength" >
        <P>An output memory block.</P>
      </arg>
      <arg type="UINT" name="inoutblobsize">
        <P>Max size.</P>
      </arg>
      <arg type="PUINT" direction="inout" name="inoutbloblength">
        <P>Actual size.</P>
      </arg>

    </method>

    <method name="StringTest" type="UINT32" stacksize="1024">
      <ifdef>!_MINIMIZE</ifdef>
      <P>Return a string and the 32-bit result.</P>
    
      <arg type="string" name="outstr" direction="out" size-is="outstrsize" array="100" >
        <P>An output string.</P>
      </arg>
      <arg type="UINT" name="outstrsize">
        <P>Size of outstr.</P>
      </arg>
    </method>

    <method name="SetLed" type="UINT32" stacksize="2048">
      <ifdef>!_MINIMIZE</ifdef>
      <P>Set a LED on or off.  Returns the bitmask of LEDs that are on</P>
    
      <arg type="UINT32" name="A">
        <P>LedNumber: Which LED, starting from 0.</P>
      </arg>

      <arg type="UINT32" name="B">
        <P>OnOff: Zero means off, anything else on.</P>
      </arg>
    
    </method>

    <method name="OutArgTest" type="UINT32" stacksize="1024">
      <ifdef>!_MINIMIZE</ifdef>
      <P>Test the case in which the last several arguments are all out arguments.</P>
      <arg type="UINT" name="In1">
        <P>An input integer.</P>
      </arg>
      <arg type="PUINT" name="Out1" direction="out">
        <P>An ouput integer.</P>
      </arg>
      <arg type="PUINT" name="Out2" direction="out">
        <P>Another ouput integer.</P>
      </arg>
      <arg type="PUINT" name="Out3" direction="out">
        <P>Yet another ouput integer.</P>
      </arg>
    </method>

    <method name="ListTest" stacksize="2048">
      <ifdef>!_MINIMIZE</ifdef>
      <P>Test list to sequence (de)serialization.</P>
      <arg name="ListArg" type="PListTestStruct" list="ListNode">
        <P>An unserialized vector.</P>
      </arg>
      <arg name="ListArg2" type="PListTestStruct" list="ListNode"
           optional="true" serialize-as="text()" direction="inout">
        <P>An unserialized vector.</P>
      </arg>
    </method>

    <method name="QueryTime" stacksize="2048">
      <ifdef>!_MINIMIZE</ifdef>
      <P>Simple time calibration service.</P>
      <arg type="TIME" name="time" direction="in">
        <P>This is what time the sender thinks it is.</P>
      </arg>
      <arg type="TIME*" name="returnTime" direction="out" >
        <P>The receiver's time.</P>
      </arg>
      <arg type="TIME*" name="returnOffset" direction="out" >
        <P>The receiver's idea of the offset.</P>
      </arg>
    </method>

    <method name="AsyncTest" type="none" stacksize="2048">
      <P>Test one way message with no reply.</P>
      <arg type="string" name="foo">
        <P>An argument</P>
      </arg>
    </method>

  </interface>

  <interface name="ISensor" type="PISENSOR" extends="IProgram"
             iid="71630DF7-3C9B-4648-9BCC-78C90D03D5E3">
    <namespace prefix="sensor"
                   token="36">http://tempuri.org/Sensor</namespace>

    <P>An interface for collecting sensor readings.</P>

    <struct name="BitmapImage" doptype="true">
      <P>Experimental: used to deliver camera images from sensor.</P>
      <field name="Type" type="string" serialize-as="@">
        <P>"bmp" or similar.</P>
      </field>
      <field name="Content" type="PIBUFFER" serialize-as="!BIN">
        <P>The data represented as a !BIN section in XML and IBuffer object
        in C.</P>
      </field>
    </struct>

    <method name="Read" stacksize="2048">
      <P>Read a value from a sensing element synchronously.</P>
    
      <arg type="UINT32" name="Element">
        <P>Which sensing element to read from.</P>
      </arg>

      <arg type="string" name="Data" direction="out" size-is="DataSize" array="100" >
        <P>The resulting value.</P>
      </arg>

      <arg type="UINT" name="DataSize">
        <P>Size of data buffer.</P>
      </arg>
    </method>

    <method name="ReadAndDeliver" stacksize="2048" type="none">
      <P>Read a value from a sensing element and deliver to a web service.</P>
    
      <arg type="UINT32" name="Element">
        <P>Which sensing element to read from.</P>
      </arg>

      <arg type="string" name="Destination">
        <P>The URL of the web service to send to.</P>
      </arg>

      <arg type="string" name="DestinationReservation">
        <P>The URL of the web service to send to.</P>
      </arg>
    </method>

    <method name="DoSomeWork" stacksize="1024" type="none">
      <P>Test method that spends some time calculating something.</P>
    
      <arg type="string" name="arg">
        <P>An argument.</P>
      </arg>
    </method>

    <method name="DoNoWork" stacksize="1024">
      <P>Test method that spends no time calculating anything.</P>
    </method>

  </interface>

  <interface name="IRecorder" type="PIRECORDER" extends="IUnknown"
             iid="1FCAA945-02CD-4826-8108-3A8C76DB710D">
    <namespace prefix="recorder"
                   token="37">http://tempuri.org/Recorder</namespace>

    <P>An interface for recording sensor readings.</P>

    <method name="Write" type="none" stacksize="2048">
      <P>Write a sensor reading to storage.</P>
    
      <arg type="string" name="Source">
     <P>Which sensor the value comes from.</P>
      </arg>    

      <arg type="string" name="Data">
        <P>The value of the reading.</P>
      </arg>

      <arg type="UINT" name="DataSize">
        <P>Size of data buffer.</P>
      </arg>
    </method>

<!--
    <method name="AsyncWrite" stacksize="2048" type="none">
      <P>Write a sensor reading to storage.</P>
    
      <arg type="string" name="Source">
        <P>Which sensor the value comes from.</P>
      </arg>    

      <arg type="string" name="Data">
        <P>The value of the reading.</P>
      </arg>

      <arg type="UINT" name="DataSize">
        <P>Size of data buffer.</P>
      </arg>

      <arg type="string" name="Reservation">
        <P>The reservation identifier for the invocation.</P>
      </arg>

    </method>
-->

  </interface>

  <interface name="ISntpClient" type="PISNTPCLIENT" extends="IUnknown"
             iid="33A77B25-7E63-4b2e-84EB-D032DAD0BC22">
    <namespace prefix="sntpc"
                   token="41">http://tempuri.org/sntpclient</namespace>

    <P>A control interface for the SNTP client.</P>

    <method name="Start" stacksize="2048">
      <P>Start the client and return the synchronization frequency, 
         as seconds between requests to the server.</P>
    
      <arg type="string" name="Server">
        <P>The network address of an SNTP server in URL format, 
           e.g. sntp://10.0.0.1:123/</P>
      </arg>
    
      <arg type="UINT" name="Period">
         <P>The period between synchronization requests to the server, 
            in seconds. Normally this is in the range of 60-1024 seconds
            (see RFC 2030). Smaller values may be incremented to 60 and 
            larger values decremented to 1024.</P>
      </arg>
    </method>
    
    <method name="Stop" type="none" stacksize="2048">
      <P>Stops the client.</P>
    </method>

    <method name="SynchronizeWithServer" type="none" stacksize="2048">
      <P>Instructs the client to synchronize the local clock with the 
         designated server.</P>
      <arg name="ServerName" type="string"/>
    </method>

    <method name="CurrentTime" stacksize="2048">
      <arg type="PINT64" name="Time" direction="out"/>
    </method>

  </interface>

  <interface name="IRobot" type="PIROBOT" extends="IUnknown"
             iid="b0ee8eb8-d184-415d-a948-68ae9338c02d">
    <namespace prefix="irobot" token="46">http://tempuri.org/2005/06/irobot</namespace>

    <P>A control interface for a prototype robot.</P>

    <struct name="Movement" doptype="true">
      <field name="When" type="TIME">
        <P>Wait until given time (dateTime/absolute/positive) or delay
        the given amount (duration/relative/negative) before performing
        function.</P>
      </field>
      <field name="Function" type="UINT">
        <P>What to move.</P>
      </field>
      <field name="Amount" type="INT">
        <P>How much to move.</P>
      </field>
      <field name="Speed" type="INT">
        <P>How fast to move.</P>
      </field>
      <field name="ListNode" type="LISTNODE">
        <P>Link for creating sequences of Movements.</P>
      </field>

    </struct>

    <method name="Start">
      <P>Start the robot.</P>
    </method>
    
    <method name="Stop">
      <P>Stop the robot.</P>
    </method>

    <method name="Run">
      <P>Execute a list of movements. Returns when all movements are
      completed</P>
      <arg name="Script" type="PMovement" list="ListNode"/>
    </method>

  </interface>

  <interface name="ITablet" type="PITABLET" extends="IUnknown"
             iid="183a7ace-ea5f-43d9-80cd-d136a30ce38b">
    <namespace prefix="itablet" token="70">http://tempuri.org/2006/06/itablet</namespace>

    <P>An interface that receives data from a Tablet PC WCF client.</P>

    <struct name="point" doptype="true">
      <field name="x" type="INT">
        <P>The X coordinate of the point</P>
      </field>
      <field name="y" type="INT">
        <P>The Y coordinate of the point</P>
      </field>
      <field name="z" type="INT">
        <P>The z coordinate of the point (pen pressure)</P>
      </field>
      <field name="ListNode" type="LISTNODE">
        <P>Link for creating sequences of points</P>
      </field>
    </struct>

   <struct name="tabletStroke" doptype="true">
      <field name="pointList" type="Ppoint"  list="ListNode">
        <P>List of points</P>
      </field>
      <field name="penTip" type="string">
        <P>Type of pen tip</P>
      </field>
      <field name="ListNode" type="LISTNODE">
        <P>Link for creating sequences of strokes</P>
      </field>
    </struct>


    <method name="tabletInfo">
      <P>Send a message containing the list of strokes</P>
      <arg name="width" type="INT">
        <P>Width of the drawing area</P>
      </arg>
      <arg name="height" type="INT">
        <P>Height of the drawing area</P>
      </arg>
      <arg name="strokeList" type="PtabletStroke" list="ListNode">
        <P>List of strokes</P>
      </arg>
    </method>

  </interface>

  <interface name="IPong" type="PIPONG" extends="IUnknown"
             iid="3ed80b53-da97-4c64-a58a-70a9c9990658">
    <namespace prefix="ipong" token="71">http://tempuri.org/2006/07/ipong</namespace>
    <P>An interface for the pong game.</P>
    <method name="setWand">
      <P>Send a message containing the wand movement information</P>
      <arg name="iWandValue" type="INT">
        <P>Wand movement value</P>
      </arg>
    </method>
  </interface>
  
  <interface name="ITest" type="PITEST" extends="IUnknown"
           iid="c6b69980-37db-40fb-b263-22aef8ea989c">
    <namespace prefix="ITest" token="75">http://tempuri.org/2006/06/itest</namespace>
    <P>An interface that receives data from a test client.</P>
    <method name="print">
      <P>print</P>
      <arg name="number" type="INT">
        <P>Number to print</P>
      </arg>
    </method>
    <method name="echo">
      <P>echo</P>
      <arg name="number" type="UINT">
        <P>Number to print</P>
      </arg>
      <arg name="retval" type="PUINT" direction="out">
        <P>return value</P>
      </arg>
    </method>
    <method name="Simple1">
      <P>test method with empty body</P>
      <arg name="arg1" type="INT">
        <P>Number</P>
      </arg>
    </method>

    <method name="Simple2">
      <P>test method with empty body</P>
      <arg name="arg1" type="INT">
        <P>Number</P>
      </arg>
      <arg name="arg2" type="INT">
        <P>Number</P>
      </arg>
    </method>

    <method name="Simple3">
      <P>test method with empty body</P>
      <arg name="arg1" type="INT">
        <P>Number</P>
      </arg>
      <arg name="arg2" type="INT">
        <P>Number</P>
      </arg>
      <arg name="arg3" type="INT">
        <P>Number</P>
      </arg>
    </method>

    <method name="Simple4">
      <P>test method with empty body</P>
      <arg name="arg1" type="INT">
        <P>Number</P>
      </arg>
      <arg name="arg2" type="INT">
        <P>Number</P>
      </arg>
      <arg name="arg3" type="INT">
        <P>Number</P>
      </arg>
      <arg name="arg4" type="INT">
        <P>Number</P>
      </arg>
    </method>
  </interface>
  
  <interface name="ISampleTest" type="PISAMPLETEST" extends="IUnknown"
           iid="c6b69980-37db-40fb-b263-22aef8ea989c">
    <namespace prefix="isampletest" token="75">http://tempuri.org/2006/06/isampletest</namespace>
    <P>An interface that receives data from a test client.</P>

    <struct name="SampleStruct" doptype="true" dotype="true" >
      <field name="number" type="UINT32"></field>
      <field name="str" type="string"></field>
    </struct>

    <method name="print">
      <P>print</P>
      <arg name="number" type="INT">
        <P>Number to print</P>
      </arg>
    </method>

    <method name="echo">
      <P>echo</P>
      <arg name="number" type="UINT">
        <P>Number to print</P>
      </arg>
      <arg name="retval" type="PUINT" direction="out">
        <P>return value</P>
      </arg>
    </method>
    <!--
    <method name="echo2" type="UINT">
      <P>echo</P>
      <arg name="number" type="UINT">
        <P>Number to print</P>
      </arg>
    </method>
    -->

    <method name="echostring">
      <P>echo</P>
      <arg name="str" type="string">
        <P>string</P>
      </arg>
      <arg name="retval" type="string" direction="out">
        <P>return value</P>
      </arg>
    </method>


    <method name="printstring">
      <P>print string</P>
      <arg name="str" type="string">
        <P>string to print</P>
      </arg>
    </method>

    <method name="swap">
      <P>swap</P>
      <arg name="s1" type="PUINT" direction="inout">
        <P>var 1</P>
      </arg>
      <arg name="s2" type="PUINT" direction="inout">
        <P>var 2</P>
      </arg>
    </method>

    <method name="printstruct">
      <P>print struct</P>
      <arg name="s" type="PSampleStruct">
        <P>struct to print</P>
      </arg>
    </method>

    <method name="printarray">
      <P>print array</P>
      <arg name="arr" type="PUINT" array="5">
        <P>array to print</P>
      </arg>
    </method>

    <method name="printcomplexarray1">
      <P>print complex array</P>
      <arg name="arr" type="PSampleStruct" array="5">
        <P>struct to print</P>
      </arg>
    </method>

    <method name="printstringarray">
      <P>print string array</P>
      <arg name="arr" type="string[]" array="5">
        <P>struct to print</P>
      </arg>
    </method>
  </interface>

  <interface name="ICLRSample" type="PICLRSAMPLE" extends="IUnknown"
           iid="c6b69980-37db-40fb-b263-22aef2ea949c">
    <namespace prefix="ICLRSample" token="77">http://tempuri.org/2006/09/iclrsample</namespace>
    <P>CLR sample interface.</P>
    <method name="print">
      <P>print</P>
      <arg name="number" type="INT">
        <P>Number to print</P>
      </arg>
    </method>
    <method name="print2">
      <P>print</P>
      <arg name="number" type="INT">
        <P>Number to print</P>
      </arg>
      <arg name="str" type="string">
        <P>String to print</P>
      </arg>
    </method>
    <method name="echo">
      <P>echo</P>
      <arg name="number" type="UINT">
        <P>Number to print</P>
      </arg>
      <arg name="retval" type="PUINT" direction="out">
        <P>return value</P>
      </arg>
    </method>
  </interface>


  <interface name="IGlove" type="PIGLOVE" extends="IUnknown"
             iid="2701ea0e-53ff-42ff-b732-75a98385497d">
    <namespace prefix="iglove" token="47">http://tempuri.org/2005/07/iglove</namespace>

    <P>A state probing interface for a glove sensor.</P>

    <method name="Getglove">
      <P>Get the current sign language sign.</P>
      <arg name="sign" type="UINT*" direction="out">
      </arg>
      <arg name="done" type="UINT*" direction="out">
        <P>Special exit sign was processed: 0=yes 1=no.</P>
      </arg>
    </method>

  </interface>

  <interface name="ICIM_Schema" type="PICIM_Schema" extends="IUnknown"
             iid="44bd7ead-b9bd-4c0b-aa2d-569bb15b79e3" mygroup="Samples">
    <namespace prefix="ac" token="51">http://schemas.dmtf.org/cimv2.9/CIM_Schema</namespace>
    <P>This will be filled with WS-Management Catalog.
    Sample catalog for WS-Management interop workshop. Look for real
    CIM schema at MSDN.</P>
    <string-entry>CIM_Processor</string-entry>
  </interface>

  <interface name="ICIM_Catalog" type="PICIM_Catalog" extends="IUnknown"
             iid="c9aa8dc8-4c42-42db-bae3-53d668cbf174" mygroup="Samples">
    <namespace prefix="cat" token="49">http://schemas.xmlsoap.org/ws/2005/06/wsmancat</namespace>

    <P>Sample catalog for WS-Management interop workshop. Look for real
    CIM schema at MSDN.</P>

    <struct name="SelectorSetRef" doptype="true">
      <field name="Name" type="string" serialize-as="@">
      </field>
      <field name="ListNode_SelectorSetRef" type="LISTNODE"></field>
    </struct>

    <struct name="Selector2" serialize-as="Selector" doptype="true">
      <P>wsman:SelectorSet/</P>
      <field name="Name" type="string" serialize-as="@">
      </field>
      <field name="Type" type="string" serialize-as="@" optional="true">
      </field>
      <field name="Value" type="string" serialize-as="text()" optional="true">
      </field>
      <field name="ListNode_Selector2" type="LISTNODE"></field>
    </struct>

    <struct name="SelectorSet2" doptype="true" serialize-as="text()">
      <field name="Name" type="string" serialize-as="@">
      </field>
      <field name="Selector" type="PSelector2" serialize-as="text()"
             list="ListNode_Selector2">
      </field>
    </struct>

    <struct name="SchemaRef" doptype="true">
      <field name="Location" type="string" serialize-as="@">
      </field>
      <field name="Value" type="QNAME" serialize-as="text()">
      </field>
    </struct>

    <struct name="Operation" doptype="true" serialize-as="text()">
      <field name="Action" type="string">
      </field>
      <field name="SelectorSetRef" type="PSelectorSetRef"
             serialize-as="text()" list="ListNode_SelectorSetRef">
      </field>
      <field name="SchemaRef" type="PSchemaRef"
             serialize-as="text()">
      </field>
    </struct>

    <struct name="Action2" serialize-as="Action" doptype="true">
      <P>wsman:This/</P>
      <field name="Value" type="string" serialize-as="text()">
      </field>
      <field name="ListNode_Action2" type="LISTNODE"></field>
    </struct>

    <struct name="Access2" serialize-as="Access" doptype="true">
      <field name="Compliance" type="string">
      </field>

      <field name="Operation" type="POperation">
      </field>

      <field name="SelectorSet" type="PSelectorSet2">
      </field>

<!--
      <field name="Action" type="PAction2"
             list="ListNode_Action2" serialize-as="text()">
      </field>
-->
      <field name="ListNode_Access2" type="LISTNODE"></field>
    </struct>

    <struct name="Resource">
      <field name="ResourceURI" type="string">
      </field>
      <field name="Version" type="string">
      </field>
      <field name="Notes" type="string">
      </field>
      <field name="Vendor" type="string">
      </field>
      <field name="Access" type="PAccess2"
             list="ListNode_Access2" serialize-as="text()">
      </field>
    </struct>

  </interface>

  <interface name="IWsManagementListener"
             type="PIWSMANAGEMENTLISTENER" extends="IUnknown"
             iid="912a9f02-c156-4ebd-97a5-c100c0df5df3" mygroup="Samples">
    <namespace prefix="cfg2" token="44" type="STRUCT">wsman:microsoft.com/wsman/2005/06/config/listener.cfg</namespace>

    <P>Sample listener for WS-Management interop workshop. Look for real
    schema at MSDN.
    This is so far an incomplete implementation of WS-Management.</P>

    <struct name="Listener">
      <field name="IP" type="string">
      </field>
      <field name="Port" type="UINT">
      </field>
      <field name="Hostname" type="string">
      </field>
      <field name="MACAddress" type="string">
      </field>
      <field name="Enabled" type="BOOL">
      </field>
      <field name="URLPrefix" type="string">
      </field>
      <field name="Transport" type="string">
      </field>
      <field name="CertificateThumbprint" type="string">
      </field>
    </struct>
  </interface>

  <interface name="ICIM_IPMI" type="PICIM_IPMI" extends="IUnknown"
             iid="2723be24-5fbb-49e7-a391-f01373b8b30a" mygroup="Samples">
    <namespace prefix="p" token="48">http://schemas.dmtf.org/wbem/wscim/1/cim-schema/2/CIM_ComputerSystem</namespace>

    <P>Sample CIM class for WS-Management interop workshop. Look for real
    CIM schema at MSDN.</P>

    <!-- Helpers -->
    <struct name="PossibleStates3" doptype="true" serialize-as="PossibleStates">
      <field name="Value" type="string" serialize-as="text()">
      </field>
      <field name="ListNode" type="LISTNODE">
      </field>
    </struct>

    <struct name="Roles" doptype="true">
      <field name="Value" type="string" serialize-as="text()">
      </field>
      <field name="ListNode" type="LISTNODE">
      </field>
    </struct>

    <!-- CIM IPMI Classes -->
    <struct name="CIM_ManagedElement">
      <field name="Caption" type="string">
      </field>
      <field name="Description" type="string">
      </field>
      <field name="ElementName" type="string">
      </field>
    </struct>

    <struct name="CIM_System">
      <field name="Caption" type="string">
      </field>
      <field name="Description" type="string">
      </field>
      <field name="ElementName" type="string">
      </field>

      <field name="CreationClassName" type="string">
      </field>
      <field name="Name" type="string">
      </field>
      <field name="Roles" type="PRoles" list="ListNode" serialize-as="text()">
      </field>
    </struct>

    <struct name="CIM_AdminDomain">
      <field name="Caption" type="string">
      </field>
      <field name="Description" type="string">
      </field>
      <field name="ElementName" type="string">
      </field>

      <field name="CreationClassName" type="string">
      </field>
      <field name="Name" type="string">
      </field>
      <field name="Roles" type="PRoles" list="ListNode" serialize-as="text()">
      </field>

      <field name="NameFormat" type="string">
      </field>
    </struct>

    <struct name="Win32_ComputerSystem">
      <field name="AdminPasswordStatus" type="UINT">
      </field>
      <field name="AutomaticResetBootOption" type="BOOL">
      </field>
      <field name="AutomaticResetCapability" type="BOOL">
      </field>
      <field name="BootOptionOnLimit" type="string">
      </field>
      <field name="BootOptionOnWatchDog" type="string">
      </field>
      <field name="BootROMSupported" type="BOOL">
      </field>

      <field name="BootupState" type="string"/>
      <field name="Caption" type="string"/>
      <field name="ChassisBootupState" type="UINT"/>
      <field name="CreationClassName" type="string"/>
      <field name="CurrentTimeZone" type="INT"/>
      <field name="DaylightInEffect" type="BOOL"/>
      <field name="Description" type="string"/>
      <field name="DNSHostName" type="string"/>
      <field name="Domain" type="string"/>
      <field name="DomainRole" type="UINT"/>
      <field name="EnableDaylightSavingsTime" type="BOOL"/>
      <field name="FrontPanelResetStatus" type="UINT"/>
      <field name="InfraredSupported" type="BOOL"/>
      <field name="InitialLoadInfo" type="string"/>
      <field name="InstallDate" type="string"/>
      <field name="KeyboardPasswordStatus" type="UINT"/>
      <field name="LastLoadInfo" type="string"/>
      <field name="Manufacturer" type="string"/>
      <field name="Model" type="string"/>
      <field name="Name" type="string"/>
      <field name="NameFormat" type="string"/>
      <field name="NetworkServerModeEnabled" type="BOOL"/>
      <field name="NumberOfProcessors" type="UINT"/>
      <field name="OEMLogoBitmap" type="string"/>
      <field name="OEMStringArray" type="string"/>
      <field name="PartOfDomain" type="BOOL"/>
      <field name="PauseAfterReset" type="INT"/>
      <field name="PowerManagementCapabilities" type="string"/>
      <field name="PowerManagementSupported" type="string"/>
      <field name="PowerOnPasswordStatus" type="UINT"/>
      <field name="PowerState" type="UINT"/>
      <field name="PowerSupplyState" type="UINT"/>
      <field name="PrimaryOwnerContact" type="string"/>
      <field name="PrimaryOwnerName" type="string"/>
      <field name="ResetCapability" type="UINT"/>
      <field name="ResetCount" type="INT"/>
      <field name="ResetLimit" type="INT"/>

      <field name="Roles" type="PRoles" list="ListNode" serialize-as="text()">
      </field>

      <field name="Status" type="string"/>
      <field name="SupportContactDescription" type="string"/>
      <field name="SystemStartupDelay" type="UINT"/>
      <field name="SystemStartupOptions" type="string"/>
      <field name="SystemStartupSetting" type="UINT"/>
      <field name="SystemType" type="string"/>
      <field name="ThermalState" type="UINT"/>
      <field name="TotalPhysicalMemory" type="UINT"/>
      <field name="UserName" type="string"/>
      <field name="WakeUpType" type="UINT"/>
      <field name="Workgroup" type="string"/>

      <field name="Any" type="IWsAddressing:PAnyItem"
             serialize-as="text()" optional="true" list="ListNode">
      </field>      
<!--      <field name="Location" type="ICIM_Base:PLocation"
             serialize-as="text()" optional="true" list="ListNode">
      </field>
-->
    </struct>

    <struct name="CIM_ComputerSystem">
      <field name="Caption" type="string">
      </field>
      <field name="Description" type="string">
      </field>
      <field name="ElementName" type="string">
      </field>

      <field name="CreationClassName" type="string">
      </field>
      <field name="Name" type="string">
      </field>
      <field name="Roles" type="PRoles" list="ListNode" serialize-as="text()">
      </field>

      <field name="NameFormat" type="string">
      </field>
      <field name="IdentifyingDescriptions" type="string"><!-- type="PSTRING_ENTRY" list="ListNode" -->
      </field>
      <field name="OtherIdentifyingInfo" type="string"><!-- type="PSTRING_ENTRY" list="ListNode" -->
      </field>
      <field name="Dedicated" type="UINT"><!-- XXX should be UINT16[] -->
      </field>

      <!-- XXX stuff not specified in spec but produced by server
       -   XXX I'll just make them all strings...
       -->
      <field name="EnabledDefault" type="string"/>
      <field name="EnabledState" type="string"/>
      <field name="InstallDate" type="TIME"/>
      <field name="OperationalStatus" type="string"/>
      <field name="OtherDedicatedDescriptions" type="string"/>
      <field name="OtherEnabledState" type="string"/>
      <field name="PrimaryOwnerContact" type="string"/>
      <field name="PrimaryOwnerName" type="string"/>
      <field name="PowerManagementCapabilities" type="string"/>
      <field name="RequestedState" type="string"/>
      <field name="ResetCapability" type="string"/>
      <field name="Status" type="string"/>
      <field name="StatusDescriptions" type="string"/>
      <field name="TimeOfLastStateChange" type="TIME"/>

      <field name="Location" type="ICIM_Base:PLocation"
             serialize-as="text()" optional="true" list="ListNode">
      </field>      

      <field name="TimeOfLastChange" type="string" optional="true"/>

    </struct>

    <struct name="CIM_SystemSpecificCollection">
      <field name="Caption" type="string">
      </field>
      <field name="Description" type="string">
      </field>
      <field name="ElementName" type="string">
      </field>

      <field name="InstanceID" type="string">
      </field>
    </struct>

    <struct name="CIM_RecordLog">
      <field name="Caption" type="string">
      </field>
      <field name="Description" type="string">
      </field>
      <field name="ElementName" type="string">
      </field>

      <field name="Name" type="string">
      </field>
      <field name="EnabledState" type="UINT"><!-- UINT16 -->
      </field>
      <field name="MaxNumberOfRecords" type="UINT64">
      </field>
      <field name="CurrentNumberOfRecords" type="UINT64">
      </field>

      <field name="InstanceID" type="string">
      </field>
    </struct>

    <struct name="CIM_LogRecord">
      <field name="Caption" type="string">
      </field>
      <field name="Description" type="string">
      </field>
      <field name="ElementName" type="string">
      </field>

      <field name="LogCreationClassName" type="string">
      </field>
      <field name="LogName" type="string">
      </field>
      <field name="CreationClassName" type="string">
      </field>
      <field name="RecordID" type="string">
      </field>
      <field name="MessageTimestamp" type="TIME">
      </field>
      <field name="RecordFormat" type="string">
      </field>
      <field name="RecordData" type="string">
      </field>
    </struct>

<!--
    <struct name="CIM_Sensor">
      <field name="Caption" type="string">
      </field>
      <field name="Description" type="string">
      </field>
      <field name="ElementName" type="string">
      </field>

      <field name="CreationClassName" type="string">
      </field>
      <field name="DeviceID" type="string">
      </field>
      <field name="SystemCreationClassName" type="string">
      </field>
      <field name="SystemName" type="string">
      </field>

      <field name="SensorType" type="UINT">
      </field>
      <field name="OtherSensorTypeDescription" type="string">
      </field>
      <field name="PossibleStates" type="PPossibleStates"
             list="ListNode" serialize-as="text()">
      </field>
      <field name="CurrentState" type="string">
      </field>
      <field name="PollingInterval" type="UINT64">
      </field>
    </struct>
-->

    <struct name="NumericSensor">
      <P>Sample derived class from CIM_NumericSensor prefix</P>

      <!-- CIM_ManagedElement -->
      <field name="Caption" type="string">
      </field>
      <field name="Description" type="string">
      </field>
      <field name="ElementName" type="string">
      </field>

      <!-- CIM_ManagedSystemElement -->
      <field name="InstallDate" type="TIME"/>
      <field name="Name" type="string"/>
      <field name="OperationalStatus" type="string"/>
      <field name="HealthState" type="string"/>
      <!-- CIM_LogicalElement -->
      <!-- CIM_EnabledLogicalElement -->
      <field name="EnabledState" type="string"/>
      <field name="OtherEnabledState" type="string"/>
      <field name="RequestedState" type="string"/>
      <field name="EnabledDefault" type="string"/>
      <field name="TimeOfLastStateChange" type="TIME"/>
      <!-- CIM_LogicalDevice -->
      <field name="CreationClassName" type="string">
      </field>
      <field name="DeviceID" type="string">
      </field>
      <field name="OtherIdentifyingInfo" type="string"><!-- type="PSTRING_ENTRY" list="ListNode" -->
      </field>
      <field name="IdentifyingDescriptions" type="string"><!-- type="PSTRING_ENTRY" list="ListNode" -->
      </field>
      <!-- CIM_Sensor -->
      <field name="SensorType" type="UINT"><!-- XXX UINT16 -->
      </field>
      <field name="OtherSensorTypeDescription" type="string">
      </field>
      <field name="PossibleStates" type="PPossibleStates3"
             list="ListNode" serialize-as="text()">
      </field>
      <field name="CurrentState" type="string">
      </field>
<!-- not inherited
      <field name="PollingInterval" type="UINT64">
      </field>
-->
      <!-- CIM_NumericSensor -->
      <field name="UnitModifier" type="INT32">
      </field>
      <field name="RateUnits" type="UINT"><!-- UINT16 -->
      </field>
      <field name="CurrentReading" type="INT32">
      </field>
      <field name="SettableThresholds" type="string"/>
      <field name="SupportedThresholds" type="string"/>
      <field name="SystemName" type="string">
      </field>
      <field name="SystemCreationClassName" type="string">
      </field>

<!--
      <field name="BaseUnits" type="UINT"><P>UINT16</P>
      </field>
      <field name="NominalReading" type="INT32">
      </field>
      <field name="NormalMax" type="INT32">
      </field>
      <field name="NormalMin" type="INT32">
      </field>
      <field name="MaxReadable" type="INT32">
      </field>
      <field name="MinReadable" type="INT32">
      </field>
      <field name="Resolution" type="UINT32">
      </field>
      <field name="Accuracy" type="INT32">
      </field>
      <field name="IsLinear" type="BOOL">
      </field>
      <field name="Hysteresis" type="UINT32">
      </field>
      <field name="LowerThresholdNonCritical" type="INT32">
      </field>
      <field name="UpperThresholdNonCritical" type="INT32">
      </field>
      <field name="LowerThresholdCritical" type="INT32">
      </field>
      <field name="UpperThresholdCritical" type="INT32">
      </field>
      <field name="LowerThresholdFatal" type="INT32">
      </field>
      <field name="UpperThresholdFatal" type="INT32">
      </field>

      <field name="AdditionalAvailability" type="string">
      </field>
      <field name="Availability" type="string">
      </field>
      <field name="EnabledThresholds" type="string"/>
      <field name="ErrorCleared" type="string"/>
      <field name="ErrorDescription" type="string"/>
      <field name="LastErrorCode" type="string"/>
      <field name="MaxQuiesceTime" type="string"/>
      <field name="PollingInterval" type="string"/>
      <field name="PowerManagementSupported" type="string"/>
      <field name="PowerOnHours" type="string"/>
      <field name="StatusInfo" type="string"/>
      <field name="Tolerance" type="string"/>
      <field name="TotalPowerOnHours" type="string"/>
      <field name="OtherDedicatedDescriptions" type="string"/>
      <field name="PrimaryOwnerContact" type="string"/>
      <field name="PrimaryOwnerName" type="string"/>
      <field name="PowerManagementCapabilities" type="string"/>
      <field name="ResetCapability" type="string"/>
      <field name="Status" type="string"/>
      <field name="StatusDescriptions" type="string"/>

      <field name="Location" type="ICIM_Base:PLocation"
             serialize-as="text()" optional="true" list="ListNode">
      </field>      

      <field name="nHours" type="string"/>
-->
    </struct>
  </interface>

  <interface name="ICIM_RecordLog" type="PICIM_RecordLog" extends="IUnknown"
             iid="f7dc38fc-7ec9-442e-ab40-74de809c9900" mygroup="Samples">
    <namespace prefix="CIMLogger" token="52">http://schemas.dmtf.org/wbem/wscim/1/cim-schema/2/CIM_RecordLog</namespace>
    <namespace prefix="wmirl" token="53">http://schemas.microsoft.com/wbem/wsman/1/wmi/root/hardware/RecordLog</namespace>

    <P>Sample CIM class for WS-Management interop workshop. Look for real
    CIM schema at MSDN.</P>

    <struct name="ClearLog_INPUT" doptype="true">
      <field name="Value" type="string" serialize-as="text()" optional="true"/>
    </struct>

    <struct name="ClearLog_OUTPUT" doptype="true">
      <field name="ReturnValue" type="UINT">
      </field>
    </struct>

    <method name="ClearLog" serialize-as="text()" cimcompat="true" >
      <arg name="ClearLog_INPUT" type="PClearLog_INPUT"
           serialize-as="text()" optional="true">
      </arg>
      <arg name="ClearLog_OUTPUT" type="PClearLog_OUTPUT"
           direction="out" serialize-as="text()">
      </arg>
    </method>

  </interface>


  <interface name="IRobotGameController" type="PIRobotGameController" extends="IUnknown"
             iid="3032018a-df3a-4c5b-a7b6-9c9032ff55e9" mygroup="Samples">
    <namespace prefix="rgc" token="100">http://schemas.microsoft.com/robotics/2006/09/gamecontroller.html</namespace>

    <P>

    </P>

    <struct name="Controller" doptype="true">
      <field name="TimeStamp" type="TIME"/>
      <field name="Instance" type="string"/>
      <field name="Product" type="string"/>
      <field name="Current" type="BOOL"/>
      <field name="ListNode" type="LISTNODE"/>
    </struct>

    <struct name="Axes" doptype="true">
      <field name="TimeStamp" type="TIME"/>
      <field name="X" type="UINT"/>
      <field name="Y" type="UINT"/>
      <field name="Z" type="UINT"/>
      <field name="Rx" type="UINT"/>
      <field name="Ry" type="UINT"/>
      <field name="Rz" type="UINT"/>
      <field name="ListNode" type="LISTNODE"/>
    </struct>

    <struct name="GameControllerState" doptype="true">
      <field name="TimeStamp" type="TIME"/>
      <field name="Controller" type="PController" serialize-as="text()" list="ListNode"/>
      <field name="Axes" type="PAxes" serialize-as="text()" list="ListNode"/>
    </struct>

    <struct name="GetControllersRequest">
      <field name="ListNode" type="LISTNODE"/>
    </struct>

    <struct name="ChangeControllerRequest">
      <field name="TimeStamp" type="TIME"/>
      <field name="Instance" type="string"/>
      <field name="Product" type="string"/>
      <field name="InstanceName" type="string"/>
      <field name="ProductName" type="string"/>
      <field name="Current" type="BOOL"/>
      <field name="ListNode" type="LISTNODE"/>
    </struct>

  </interface>

  <interface name="IServiceTutorial1" type="PIServiceTutorial1" extends="IUnknown"
               iid="8e0a6347-4f6c-4a69-bf87-76f88800a66d" mygroup="Samples">
      <namespace prefix="st1" token="101">http://schemas.tempuri.org/2007/07/stick.html</namespace>
    <P>    </P>
 
    <struct name="StickState" doptype="true" dotype="true">
      <field name="Name" type="string">
        <P>To identify this instance of Gyro.</P>
      </field>
      <field name="AxisA" type="INT32">
        <P>Axis 'A' of the gyro.</P>
      </field>
      <field name="AxisB" type="INT32">
        <P>Axis 'B' of the gyro.</P>
      </field>
    </struct>

    <struct name="GyroPolicy" doptype="true" dotype="true">
      <field name="Name" type="string">
        <P>To identify this instance of the policy.</P>
      </field>
      <field name="LowerThreshold" type="INT32">
        <P>Lower limit of the gyro measurements to be sent as notifications.</P>
      </field>
      <field name="MinimumWait" type="TIME">
        <P>Minimum time gap between notifications.</P>
      </field>
      <field name="LastNotificationTime" type="TIME">
        <P>Timestamp of most recent notification sent.  Initialized to zero.</P>
      </field>
      
    </struct>
    
  </interface>
  
</mmlite-spec>
