<?xml version='1.0'?>
<!-- Copyright (c) Microsoft Corporation. All rights reserved. -->

<!-- Included from spec.xml -->

<mmlite-spec xmlns="x-schema:spec-schema.xml">

  <interface-group name="Internal">
    <P>Interfaces internal to the system.</P>
    <discussion>
      <P>These interfaces define communication between the thread package and scheduler etc.  Most of them do not derive from <B>IUnknown</B> and are not remotable.</P>
    </discussion>
  </interface-group>

  <interface name="IScheduler" type="PISCHEDULER" extends="IUnknown"
             iid="6e894e91-6bd2-4fe3-97bb-765fd97ec320">
    <P>Scheduler interface (internal).</P>
    <notes>Extends IUnknown</notes>

    <method type="void" name="AddThread" >
      <P>Notify scheduler of thread creations.</P>
      <discussion>
        <P></P>
      </discussion>
      <arg type="PITHREAD" name="Thread">
        <P></P>
      </arg>
      <arg type="PTIME_CONSTRAINT" name="pcval" optional="true">
        <P>Initial <A HREF="#">TIME_CONSTRAINT</A> for thread.
        NULL for time sharing.</P>
     </arg>
    </method>

    <method type="void" name="RemoveThread" >
      <P>Notify scheduler of thread termination.</P>
      <discussion>
        <P></P>
      </discussion>
      <arg type="PITHREAD" name="Thread">
        <P></P>
      </arg>
    </method>

    <method type="BOOL" name="DisablePreemption" >
      <P>Scheduler locking.</P>
      <discussion>
        <P></P>
      </discussion>
      <arg type="BOOL" name="Recursive">
        <P></P>
      </arg>
    </method>

    <method type="BOOL" name="EnablePreemption" >
      <P>Scheduler locking.</P>
      <discussion>
        <P></P>
      </discussion>
      <arg type="BOOL" name="Recursive">
        <P></P>
      </arg>
    </method>

    <method type="BOOL" name="PreemptionIsEnabled" >
      <P>Scheduler locking.</P>
      <discussion>
        <P></P>
      </discussion>
    </method>

    <method type="void" name="WaitForMutex" >
      <P>Support for MUTEX objects</P>
      <arg type="PMUTEX" name="pMutex" >
        <P></P>
      </arg>
    </method>

    <method type="void" name="WakeUpOnMutex" >
      <P>Support for MUTEX objects</P>
      <arg type="PMUTEX" name="pMutex" >
        <P></P>
      </arg>
    </method>

    <method type="void" name="WaitForCondition" >
      <P>Support for CONDITION objects</P>
      <arg type="PCONDITION" name="pCondition" >
        <P></P>
      </arg>
      <arg type="PTIME" name="pTimeOut" >
        <P></P>
      </arg>
    </method>

    <method type="void" name="WakeUpOnCondition" >
      <P>Support for CONDITION objects</P>
      <arg type="PCONDITION" name="pCond" >
        <P>The condition.</P>
      </arg>
      <arg type="BOOL" name="fAll" >
        <P>TRUE for Broadcast.</P>
      </arg>
    </method>

    <method type="SCODE" name="ConditionTimedWaitAndBeginConstraint" >
      <P>Support for CONDITION objects</P>
      <notes>Also used for non-timed form by passing pTimeout = NULL</notes>
      <arg type="PCONDITION" name="pCondition" >
        <P></P>
      </arg>
      <arg type="PMUTEX" name="pMutex" >
        <P></P>
      </arg>
      <arg type="PTIME" name="pTimeout" >
        <P></P>
      </arg>
      <arg type="BOOL" name="EndPrevious" >
        <P></P>
      </arg>
      <arg type="PTIME_CONSTRAINT" name="pTimeConstraint" >
        <P></P>
      </arg>
      <arg type="PTIME" name="pTimeTaken" >
        <P></P>
      </arg>
      <arg type="WAITCOND_CALLBACK" name="WaitCallback" >
        <P></P>
      </arg>
    </method>

    <method type="TIME" name="GetIdleTime" >
      <P></P>
    </method>

  </interface>

  <interface name="IPic" type="PIPIC"
             iid="e6f9cb92-ef1f-11d3-8c65-00e0291551e5">
    <P>Interrupt controller interface (internal).</P>
    <notes>Does not extend IUnknown</notes>

    <typedef name="INTERRUPT_SERVICE_ROUTINE" type="BOOL"
             arglist="/*struct IDevice*/ void *This, BOOL *pNotOurInterrupt">
      <P>An ISR has this signature.</P>
      <discussion>
        <P>If the ISR returns TRUE, the scheduler will be executed to
        re-evaluate who should be running. This is usually the value
        returned by <A HREF="IBaseRtl.htm#Condition_InterruptSignal">Condition_InterruptSignal</A>. If the return value is FALSE, the current thread will
        continue (subject to timer and other interrupts).</P>
        <P>The <B>This</B> argument is whatever was passed in by <A HREF="IBaseRtl.htm#AddDevice">AddDevice</A> and is typically the driver object.</P>
        <P>The <B>pNotOurInterrupt</B> argument facilitates interrupt chaining.
        If the ISR did not handle the interrupt it should set the value to FALSE.</P>
      </discussion>
    </typedef>

    <method type="void" name="EnableInterrupt" >
      <P>Enable interrupt handling for the given IRQ</P>
      <discussion>
        <P>Change the interrupt mask to enable an interrupt.</P>
        <P>Install the Isr in the dispatch table, with its argument.</P>
      </discussion>
      <arg type="DEVICE_FLAGS" name="Flags">
        <P>If non-zero, defines any special treatment of the interrupt.</P>
        <P>By default, all interrupts are assumed negative-edge-triggered.
           This argument can specify that the interrupt is level-triggered,
and what level (positive/negative).</P>
      </arg>
      <arg type="UINT" name="Irq">
        <P>The interrupt of interest.</P>
      </arg>
      <arg type="INTERRUPT_SERVICE_ROUTINE" name="Isr">
        <P>The handler for the interrupt.</P>
      </arg>
      <arg type="void *" name="pDevice">
        <P>The device object associated with the IRQ.</P>
      <discussion>
        <P>This pointer is commonly an object but can be any number.
        The Pic does not take or release any references or access the object.
        It only gives it as a parameter to the ISR and returns it in
        DisableInterrupt.</P>
      </discussion>
      </arg>
    </method>

    <method type="void" name="DisableInterrupt" >
      <P>Undo EnableInterrupt.</P>
      <arg type="UINT" name="Irq">
        <P>The interrupt of interest.</P>
      </arg>
      <arg type="void **" name="pOldDevice">
        <P>If another device was previously registered at this Irq,
        it is returned here. The caller can either ignore it or cascade it.
        The Pic does not hold a reference to the object (it does not
        have to be an actual object).
        </P>
      </arg>
    </method>

    <method type="void" name="MaskAll">
      <P>Mask *all* interrupts.  Except NMI, but that's another story.</P>
    </method>
    <method type="void" name="UnmaskAll">
      <P>Unmask all interrupts that should be unmasked.</P>
    </method>
  </interface>

  <include file="activif.xml" select="/mmlite-spec/*"/>

</mmlite-spec>
