<?xml version='1.0' encoding="iso-8859-1"?>
<!-- Copyright (c) Microsoft Corporation. All rights reserved. -->

<mmlite-spec xmlns="x-schema:spec-schema.xml">

  <interface-group name="Soap">
    <P>Interfaces for implementing web services.</P>
    <discussion>
      <P>HTTP, XML, SOAP, and friends.
      </P>
    </discussion>
  </interface-group>

 <interface name="ISoapFactory" type="PISOAPFACTORY" extends="IUnknown"
             iid="0889621d-fc83-463c-8386-012a5ca3e565">

    <P>SOAP box factory.</P>
    <struct name="XMLNAMESPACE" doptype="true" docptype="true" />

    <typedef name="QID" type="UINT32">
      <P>Qualified name as an internal type. The ID contains namespace and
      name information that can be mapped to QNAME
      (or URI, method, struct, field, type, enum, etc) using the typeinfo.</P>
    </typedef>

    <constant name="PARSE_URL_FLAGS" prefix="PARSE_URL_FLAGS_"
              type="UINT" base="0">
      <constant-value name="HTTP" ordinal="0x00000001"></constant-value>
      <constant-value name="UDP" ordinal="0x00000002"></constant-value>
      <constant-value name="FILE" ordinal="0x00000004"></constant-value>
      <constant-value name="XTE" ordinal="0x00000008"></constant-value>
      <constant-value name="SOAP" ordinal="0x00000010"></constant-value>
      <constant-value name="AES" ordinal="0x00000020"></constant-value>
      <constant-value name="DIME" ordinal="0x00000040"></constant-value>
      <constant-value name="UUID" ordinal="0x00000080"></constant-value>
      <constant-value name="OLD_CONTENT_TYPE" ordinal="0x00000100">
        <P>Generate text/xml instead of application/xml+soap</P>
      </constant-value>
      <constant-value name="ANONYMOUS" ordinal="0x00000200">
        <P>Accept messages addressed to
        wsa:To="http://schemas.xmlsoap.org/ws/2004/08/addressing/role/anonymous".
        </P>
      </constant-value>
    </constant>

    <constant name="CONT_FLAGS" prefix="CONT_FLAGS_"
              type="UINT32" base="0">
      <P>Flags that control continuation behavior. Extends PARSE_URL_FLAGS.
      </P>
      <constant-value name="FUTURE" ordinal="0x00010000">
        <P>When set, the proxy methods immediately return a
        future of type PICONTINUATION.
        The actual RPC result can be retrieved using this
        object (that also needs to be Release'd).
        </P>
      </constant-value>
      <constant-value name="LOCAL" ordinal="0x00020000">
        <P>Execute the method locally without serialization.
        </P>
      </constant-value>
      <constant-value name="DELAYED" ordinal="0x00040000">
        <P>Delayed execution. Do not start method (or message transmission)
        automatically but let application
        call IContinuation.Execute manually. This is only meaningful with
        futures.
        </P>
      </constant-value>
      <constant-value name="SOAP_1_1" ordinal="0x00080000">
        <P>Use old namespace in messages for backward compatibility purposes.
        </P>
      </constant-value>
      <constant-value name="CONST_CONTEXT" ordinal="0x00100000">
        <P>Instruct automation not to free context but leave it to app.
        </P>
      </constant-value>
      <constant-value name="CLIENT" ordinal="0x00200000">
        <P>(internal) This is the sender of a request message.
        </P>
      </constant-value>
      <constant-value name="CONST" ordinal="0x00400000">
        <P>(internal) The object should not be freed (e.g. stack allocated).
        </P>
      </constant-value>
      <constant-value name="NESTED" ordinal="0x00800000">
        <P>Execute the continuation on the same stack as another non-executing
        continuation. The first argument should be of type PICONTINUATION.
        This is used in SOAP header processing.
        </P>
      </constant-value>
    </constant>

    <method name="ParseURL">
      <P>Extract host name, protocol, etc. from standard URL.</P>
      <discussion>
        <P>The URL is of the format PROTOCOL://IPADDR:PORT/OBJECT?QUERY#FRAG
        where :PORT ?QUERY and #FRAG are optional.
        The protocol is one of
        tcp|udp|xml/soap|xml/text|x-[udp-|http-|file-][xte-][aes-]soap
        </P>
      </discussion>
      <arg type="string" name="Url">
      </arg>
      <arg type="PARSE_URL_FLAGS *" name="pFlags" direction="out">
      </arg>
      <arg type="const _TCHAR **" name="pHost" direction="out"
           length-is="pHostLen">
      </arg>
      <arg type="UINT *" name="pHostLen" direction="out" optional="true">
      </arg>
      <arg type="UINT16 *" name="pPort" direction="out">
      </arg>
      <arg type="const _TCHAR**" name="pPath" direction="out" optional="true"
           length-is="pPathLen">
      </arg>
      <arg type="UINT *" name="pPathLen" direction="out" optional="true">
      </arg>

      <arg type="const _TCHAR**" name="pQuery" direction="out" optional="true"
           length-is="pQueryLen">
      </arg>
      <arg type="UINT *" name="pQueryLen" direction="out" optional="true">
      </arg>
      <arg type="const _TCHAR**" name="pFrag" direction="out" optional="true">
      </arg>
    </method>

    <method name="CreateProxy">
      <P>Create an object instance that represents a remote object
      with the given class.</P>
      <discussion><P>In the future this method may be replaced with one
      that does discovery one way or another.</P></discussion>
      <arg name="pConn" type="PIHTTPCONNECTOR" optional="true">
        <P> If pConn is not NULL, then use it as the IHttpConnector
        instead of creating a new IHttpConnector.</P>
      </arg>
      <arg name="URI" type="string">
        <P>Where the real object is located</P>
      </arg>
      <arg name="XnsName" type="string">
        <P>The type of the proxy as expressed by XML namespace prefix.</P>
      </arg>
      <arg name="Flags" type="CONT_FLAGS">
        <P>Modify proxy behavior. See <A HREF="#">CONT_FLAGS</A>.
        </P>
      </arg>
      <arg name="pObject" type="PIUNKNOWN*" direction="out">
        <P>The proxy object is returned here.</P>
      </arg>
    </method>

    <method name="CreateProxy2">
      <P>Create an object instance that represents another local object
      with the given class. The new object can be a future factory that
      creates asynchronous calls to the real object.</P>
      <arg name="pRealObject" type="PIUNKNOWN">
        <P>The underlying object. The type is discovered automatically assuming
        the object implements IClassDescriptor (e.g. it inherits CUnknown).</P>
      </arg>
      <arg name="Flags" type="CONT_FLAGS">
        <P>Modify proxy behavior. See <A HREF="#">CONT_FLAGS</A>.
        CONT_FLAGS_LOCAL is implied.
        </P>
      </arg>
      <arg name="ScoreName" type="string" optional="true">
        <P>The name of a time description if any.
        </P>
      </arg>
      <arg name="pObject" type="PIUNKNOWN*" direction="out">
        <P>The proxy object is returned here.</P>
      </arg>
    </method>

    <method name="CreateProxy3">
      <P>Create an object instance that represents a remote object
      with the given class.</P>
      <arg name="pConn" type="PIHTTPCONNECTOR" optional="true">
        <P> If pConn is not NULL, then use it as the IHttpConnector
        instead of creating a new IHttpConnector.</P>
      </arg>
      <arg name="pContext" type="void *">
        <P>Addressing, reservations, other data to be written into headers.</P>
      </arg>
      <arg name="XnsName" type="string">
        <P>The type of the proxy as expressed by XML namespace prefix.</P>
      </arg>
      <arg name="Flags" type="CONT_FLAGS">
        <P>Modify proxy behavior. See <A HREF="#">CONT_FLAGS</A>.
        </P>
      </arg>
      <arg name="pObject" type="PIUNKNOWN*" direction="out">
        <P>The proxy object is returned here.</P>
      </arg>
    </method>

    <method name="CreateFuture">
      <P>Create continuation and make it run.</P>
      <arg name="pConn" type="PIHTTPCONNECTOR" optional="true">
        <P> If pConn is not NULL, then use it as the IHttpConnector
        instead of creating a new IHttpConnector.</P>
      </arg>
      <arg name="pContext" type="void *">
        <P>Addressing, reservations, other data to be written into headers.</P>
      </arg>
      <arg name="Flags" type="CONT_FLAGS">
        <P>Control behavior. See <A HREF="#">CONT_FLAGS</A>.</P>
      </arg>
      <arg name="Frame" type="ANYTYPE" type-is="FrameType">
        <P>The stack frame as if this was called as a method.
        This is of type _Interface_Method_METHOD_FRAME as defined in
        the auto-generated xxif.h
        </P>
      </arg>
      <arg name="FrameType" type="QNAME">
        <P>The type of the Frame expressed as QName. The form is
        xmlprefix:method for example "wxf:Get" (in which case the C type
        of Frame would be _IWsTransfer_Get_METHOD_FRAME).
        </P>
      </arg>
      <arg name="ppCont" type="PICONTINUATION*" direction="out">
        <P>The future is returned here.</P>
      </arg>
    </method>

    <method name="CreateContinuation">
      <P>Create native continuation object.</P>
      <arg name="Flags" type="CONT_FLAGS">
        <P>Control behavior. See <A HREF="#">CONT_FLAGS</A>.
        </P>
      </arg>
      <arg name="ppCont" type="PICONTINUATION*" direction="out">
        <P>The continuation is returned here.</P>
      </arg>
    </method>

    <method name="CreateCLRContinuation">
      <P>Create continuation for CLR client.</P>
      <arg name="pContext" type="void *">
        <P>Addressing, reservations, other data to be written into headers.</P>
      </arg>
      <arg name="Flags" type="CONT_FLAGS">
        <P>
          Control behavior. See <A HREF="#">CONT_FLAGS</A>.
        </P>
      </arg>
      <arg name="FrameType" type="QNAME">
        <P>
          The type of the Frame expressed as QName. The form is
          xmlprefix:method for example "wxf:Get" (in which case the C type
          of Frame would be _IWsTransfer_Get_METHOD_FRAME).
        </P>
      </arg>
      <arg name="ppCont" type="PICONTINUATION*" direction="out">
        <P>The continuation is returned here.</P>
      </arg>
    </method>

  </interface>

  <interface name="IConvert" type="PICONVERT" extends="IUnknown"
             iid="db3072b5-c9ed-4a38-b1d0-79e8089a9f96">
    <P>The converter provides objects and methods for converting data
    between different representations, such as XML, native data, managed
    data, native continuations, managed continuations.
    </P>

    <method name="CreateSerializer">
      <P>Create an instance of SoapSerializer.</P>
      <arg name="Output_XML_File" type="PIFILE"></arg>
      <arg name="Flags" type="PARSE_URL_FLAGS">
        <P>The encoding to use: xml/soap or xte.</P>
      </arg>
      <arg name="serializer" type="PISOAPSERIALIZER*" direction="out">
      </arg>
    </method>

    <method name="CreateDeserializer">
      <P>Create an instance of SaxHandler that unmarshals XML into
      a continuation (NULL to create an activation).</P>

      <arg name="RequestObjectName" type="string" size-is="Length">
        <P>The local part of the request URI. (Should be _TCHAR *)</P>
      </arg>
      <arg name="Length" type="UINT">
        <P>Length of RequestUri.</P>
      </arg>
      <arg name="cont" type="PICONTINUATION" optional="true">
        <P>The continuation for a client. Use NULL for server side processing
        - an activation is automatically created.
        </P>
      </arg>
      <arg name="ppHandler" type="PISAXHANDLER *" direction="out">
        <P>The newly created unmarshaller is returned here.</P>
      </arg>
    </method>

    <method name="SetTimeOffset">
      <P>Set offset between local time and external time to be used in
      serialization and deserialization of TIME types.</P>
      <arg type="TIME" name="offset">
        <P>Relative time offset (must be TimeIsRelative()).</P>
      </arg>
      <arg type="BOOL" name="AddWhenSerializing">
        <P>Indicates whether the local time is behind (TRUE) or ahead (FALSE)
        as compared to external time.
        </P>
        <P>Note that the time should always be a duration (zero or negative) so
        that the previous offset doesn't affect this call.</P>
      </arg>
    </method>

    <method name="ProcessRequest">
      <P>Process one SOAP request into a continuation.</P>
      <arg name="Flags" type="PARSE_URL_FLAGS"/>
      <arg name="Tokenizer" type="PITOKENIZER"/>
      <arg name="LocalUrl" type="string" optional="true">
        <P>URL to use in the absence of wsa:To.</P>
      </arg>

      <arg name="Deserializer" type="PISAXHANDLER*" direction="inout">
        <P>Handler state for restartable parsing.</P>
      </arg>
      <arg name="pCont" type="PICONTINUATION*" direction="out"/>
    </method>

    <method name="ProcessRequestFile">
      <P>Process one SOAP request from file, execute continuation, and
      optionally write the response message into another (or the same)
      file.</P>
      <arg name="Flags" type="PARSE_URL_FLAGS"/>
      <arg name="InputFile" type="PIFILE"/>
      <arg name="OutputFile" type="PIFILE" optional="true"/>
      <arg name="LocalUrl" type="string" optional="true">
        <P>URL to use in the absence of wsa:To.</P>
      </arg>
    </method>

    <method name="ProcessRequestString">
      <P>Process one SOAP request from a string, execute continuation, and
      throw the result away.</P>
      <arg name="Flags" type="PARSE_URL_FLAGS"/>
      <arg name="InputData" type="string"/>
      <arg name="LocalUrl" type="string" optional="true">
        <P>URL to use in the absence of wsa:To.</P>
      </arg>
    </method>

    <method name="ProcessData">
      <P>Deserializa data into a native data structure.</P>
      <arg name="Flags" type="PARSE_URL_FLAGS"/>
      <arg name="Tokenizer" type="PITOKENIZER"/>

      <arg name="Deserializer" type="PISAXHANDLER*" direction="inout">
        <P>Handler state for restartable parsing.</P>
      </arg>

      <arg type="PIHEAP" name="Heap">
        <P>Allocate space for data from here.</P>
      </arg>
      <arg type="IWsAddressing:PAnyItem" name="Item"/>
    </method>

    <method name="ProcessFragmentFile">
      <P>Deserializa data into a native data structure with input coming from
      a file.</P>
      <arg name="InputFile" type="PIFILE"/>
      <arg type="PIHEAP" name="Heap">
        <P>Allocate space for data from here.</P>
      </arg>
      <arg type="PTR *" name="pData" direction="out" type-is="pType">
        <P>The root pointer of the returned value object is returned here.</P>
      </arg>
      <arg type="QNAME" name="pType" direction="out" optional="true">
        <P>The type of the entry, if known, is optionally returned here.
        No live objects are included in the data unless a valid type
        is returned.
        </P>
      </arg>
    </method>

    <method name="ProcessFragment">
      <P>Deserializa data into a native data structure with input coming from
      a string.</P>
      <arg name="InputData" type="string"/>
      <arg type="PIHEAP" name="Heap">
        <P>Allocate space for data from here.</P>
      </arg>
      <arg type="PTR *" name="pData" direction="out" type-is="Type">
        <P>The root pointer of the returned value object is returned here.</P>
      </arg>
      <arg type="QNAME" name="Type" direction="out" optional="true">
        <P>The type of the entry, if known, is optionally returned here.
        No live objects are included in the data unless a valid type
        is returned.
        </P>
      </arg>
    </method>

    <method name="SerializeFragmentFile">
      <arg type="PTR" name="Data" type-is="Type">
        <P>The root pointer of the value object to be serialized.</P>
      </arg>
      <arg type="QNAME" name="Type">
        <P>The type of the entry.
        </P>
      </arg>
      <arg name="OutputFile" type="PIFILE">
        <P>Where to output serialized object.</P>
      </arg>
    </method>


    <method name="GetNamespace">
      <P>Map XML namespace prefix to a descriptor.</P>
      <arg name="prefix" type="string">
        <P>The prefix to be mapped.
        </P>
      </arg>
      <arg name="len" type="UINT">
        <P>The number of characters to use in matching.
           Zero means the whole string here.</P>
      </arg>
      <arg name="pXns" type="CPXMLNAMESPACE*" direction="out">
        <P>The descriptor is returned here.</P>
      </arg>
    </method>

    <method name="FindMethod">
      <P>Find method/struct descriptor given name and namespace descriptor.</P>
      <arg name="Xns" type="CPXMLNAMESPACE">
        <P>The containing namesapce (see GetNamespace).</P>
      </arg>
      <arg name="Name" type="string">
        <P>The name of the method.
        </P>
      </arg>
      <arg name="IsMethod" type="BOOL">
        <P>Look for method (TRUE) or struct (FALSE).</P>
      </arg>
      <arg name="pMetd" type="void**" direction="out">
        <P>The descriptor is returned here (CPMETHOD_DESCR*).</P>
      </arg>
    </method>

    <method name="DestroyNamespaces">
      <P>Get rid of namespace list, accumulated from GetNamespace.</P>
      <arg name="pXns" type="PXMLNAMESPACE*">
        <P>The containing namesapce (see GetNamespace).</P>
      </arg>
      <arg name="Heap" type="PIHEAP">
        <P>Where to return the data.
        </P>
      </arg>
    </method>

  </interface>

  <interface name="IContinuation" type="PICONTINUATION" extends="IHeap"
             iid="29b77a3f-8702-4037-a6f6-82a490da76fa">
    <P>Encapsulates a method call. The object represents a method call,
    either local or remote, on client or server that is running, future,
    or completed.
    </P>

    <method name="Wait">
      <P>Block waiting for this continuation to complete.</P>
    </method>

    <method name="Complete">
      <P>Notify that continuation has completed.</P>
      <P>Consumes reference on this (does internal Release).</P>
    </method>

    <method name="SetBuffer">
      <P>Provide a memory buffer for continuation tmp heap.</P>
      <arg name="Where" type="PTR">
        <P>The address of the memory.</P>
      </arg>
      <arg name="sizeis" type="UINT">
        <P>The size of the buffer.</P>
      </arg>
    </method>
 
    <method name="SetMethod">
      <P>Prepare for activation.</P>
      <arg name="Xns" type="CPXMLNAMESPACE">
        <P>Namespace of method.</P>
      </arg>
      <arg name="metd" type="const void *">
        <P>Descriptor for method (CPMETHOD_DESCR).</P>
      </arg>
      <arg name="objname" type="string" optional="true">
        <P>Path of object in system namespace.</P>
      </arg>
      <arg name="pObj" type="PIUNKNOWN" optional="true">
        <P>The object to be called. One and only one of <B>objname</B> and
        <B>pObj</B> should be present.</P>
      </arg>
    </method>
 
    <method name="Execute">
      <P>Run continuation locally.</P>
      <arg name="sync" type="BOOL">
        <P>TRUE: Execute synchronously using current thread.
           FALSE: Execute asynchronously using another thread.
        </P>
      </arg>
      <arg name="pRes" type="void*" optional="true">
        <P>Reservation to use. When NULL a suitable reservation will be
        searched for.</P>
      </arg>
    </method>

    <method name="SendMessage">
      <P>Create and send message as appropriate: 1) local calls, do nothing;
      2) client, send request; 3) RPC server, send reply;
      4) one-way server, do nothing.
      </P>
      <arg name="pConn" type="PIHTTPCONNECTOR" optional="true">
        <P>Connector where to send the message or NULL.</P>
      </arg>
      <arg name="pFaultCode" type="soap12:PCode" optional="true">
        <P>Optional FaultCode (soap:Code). When given, a fault is
        sent in lieue of the regular response message. On the client this
        parameter is ignored.</P>
      </arg>
      <arg name="FaultString" type="string" optional="true">
        <P>Optional text that  goes along with pFaultCode.</P>
      </arg>
    </method>

  </interface>

  <interface name="ISaxParser" type="PISAXPARSER" extends="IUnknown"
             iid="DC429EE6-C465-447e-AEE9-FF15BFA021AC" mygroup="Soap">
    <P>The interface to the SAX XML parser. Pass a Tokenizer object and a 
       Callback interface to an implementation of this interface, and it 
       will parse the XML file being tokenized and call the appropriate 
       callback operations. For more information, refer to a document on SAX,
       and the ISaxHandler interface defined below. Returns a success code 
       if the parsing was successful, but an error code if it failed somewhere 
       in the middle.</P>

    <struct name="SAXATTRIBUTE" doptype="true" dotype="true" docptype="true">
      <P>Type of attribute array passed in to StartElement.</P>
      <field name="Prefix" type="string" ctype="const _TCHAR*"></field>
      <field name="Xns" type="CPXMLNAMESPACE"></field>
      <field name="Name" type="string" ctype="const _TCHAR*"></field>
      <field name="Token" type="INT"></field>
      <field name="Value" type="string" ctype="const _TCHAR*"></field>
    </struct>

    <method name="Parse">
      <arg name="Tokenizer" type="PITOKENIZER">
        <P>The source for the parser to read tokens from. Manages the source of 
           byte buffers. The content of the tokenizer should be an XML tree, 
           otherwise parsing will obviously fail.</P>
      </arg>
      <arg name="Handler" type="PISAXHANDLER">
        <P>The interface to pass parsing events to.</P>
      </arg>

      <arg name="Depth" type="UINT*" direction="inout">
        <P>Parsing state for restartable parsing. Should initially be set to
        zero.</P>
      </arg>
    </method>

    <method name="Read">
      <arg name="Tokenizer" type="PITOKENIZER">
        <P>
          The source for the parser to read tokens from. Manages the source of
          byte buffers. The content of the tokenizer should be an XML tree,
          otherwise parsing will obviously fail.
        </P>
      </arg>      
      <arg name="Type" type="UINT*" direction="out">
        <P>The type of token.</P>
      </arg>
      <arg name="Elem" type="PSAXATTRIBUTE*" direction="out">
        <P>The namespace prefix and name of the element.</P>
        <P>An empty namespace string means the default namespace.</P>
      </arg>
      <arg name="Attributes" type="PSAXATTRIBUTE*" size-is="AttributeCount" direction="out">
        <P>All the attributes in an array.</P>
      </arg>
      <arg name="AttributeCount" type="UINT*" direction="out">
        <P>The number of attributes in the array.</P>
      </arg>
      <arg name="Text" type="_TCHAR**" direction="out">
        <P>The value of the element currently being parsed.</P>
      </arg>
      <arg name="Length" type="UINT*" direction="out">
        <P>The number of characters in the value.</P>
      </arg>
      <arg name="Buffer" type="PIBUFFER*" direction="out">
        <P>
          The block of data encapsulated in an
          <A HREF="IBuffer.htm">IBuffer</A> object.
        </P>
        <P>One and only one of Text/Buffer should be set.</P>
      </arg>
    </method>


    <method name="CreatePrinter">
      <arg name="Output_XML_File" type="PIFILE">
        <P>The output file, in which, the parsed XML content would be printed into.</P>
      </arg>
      <arg name="IndentLevel" type="UINT">
        <P>How much to indent for human readability. Zero removes any unnecessary spacing.</P>
      </arg>
      <arg name="Printer" type="PISAXHANDLER *" direction="out">
        <P>The interface to pass parsing events to.</P>
      </arg>
    </method>

  </interface>

  <interface name="ISaxHandler" type="PISAXHANDLER" extends="IUnknown"
             iid="082CA018-DA31-46d4-AAF9-F8CCA083839E" mygroup="Soap">
    <P>Implementations of this interfaces process XML documents as they are 
       parsed by an ISaxParser implementation.</P>

    <method name="StartDocument">
      <P>Called when the parser encounters the start of the document.</P>
    </method>

    <method name="EndDocument">
      <P>Called when the parser is finished with the document.</P>
    </method>

    <method name="AddNamespace">
      <P>Declare a new namespace within current scope.</P>
      <arg name="Prefix" type="string">
        <P>The shorthand for the namespace.</P>
      </arg>
      <arg name="QName" type="string">
        <P>The value of the new namespace.</P>
      </arg>
    </method>

    <method name="ResolveName">
      <P>Resolve an element or attribute name to &lt;xns,token&gt;.</P>
      <arg name="Prefix" type="string">
        <P>The namespace prefix (may be empty string).</P>
      </arg>
      <arg name="Name" type="string">
        <P>The element/attribute name.</P>
      </arg>
      <arg name="pXns" type="CPXMLNAMESPACE*" direction="out">
        <P>The resolved namespace of the name.</P>
      </arg>
      <arg name="pToken" type="UINT*" direction="out">
        <P>The token value of name within namespace.</P>
      </arg>
    </method>

    <method name="StartElement">
      <P>Called when an XML element is encountered in the document being parsed.</P>
      <arg name="Elem" type="PSAXATTRIBUTE">
        <P>The namespace prefix and name of the element.</P>
        <P>An empty namespace string means the default namespace.</P>
      </arg>
      <arg name="Attributes" type="PSAXATTRIBUTE" size-is="AttributeCount">
        <P>All the attributes in an array.</P>
      </arg>
      <arg name="AttributeCount" type="UINT">
        <P>The number of attributes in the array.</P>
      </arg>
    </method>

    <method name="EndElement">
      <P>Called when an XML element is closed (&lt;/foo&gt; or /&gt;).</P>
      <arg name="Elem" type="PSAXATTRIBUTE">
        <P>The namespace prefix and name of the element.</P>
        <P>An empty namespace string means the default namespace.</P>
      </arg>
    </method>

    <method name="Text">
      <P>Called when a string between the start and end of an element is 
         encountered.</P>
      <arg name="Text" type="string">
        <P>The value of the element currently being parsed.</P>
      </arg>
      <arg name="Length" type="UINT">
        <P>The number of characters in the value.</P>
      </arg>

      <arg name="Buffer" type="PIBUFFER" optional="true">
        <P>The block of data encapsulated in an
        <A HREF="IBuffer.htm">IBuffer</A> object.</P>
        <P>One and only one of Text/Buffer should be set.</P>
      </arg>
      <arg type="UINT" name="Flags">
        <P>ARGUMENT_DESCR_FLAGS determines how to serialize data.</P>.
      </arg>
    </method>

    <method name="StartInstruction">
      <P>Called when an XML element, preceeded by a question mark, 
         is encountered in the document being parsed.</P>
      <arg name="Elem" type="PSAXATTRIBUTE">
        <P>The namespace prefix and name of the element.</P>
        <P>An empty namespace string means the default namespace.</P>
      </arg>
      <arg name="Attributes" type="PSAXATTRIBUTE" size-is="AttributeCount">
        <P>All the attributes in an array.</P>
      </arg>
      <arg name="AttributeCount" type="UINT">
        <P>The number of attributes in the array.</P>
      </arg>
    </method>

    <method name="EndInstruction">
      <P>Called when an XML instruction is closed (either with a right
         bracket or with a question mark followed with a right bracket).</P>
      <arg name="Elem" type="PSAXATTRIBUTE">
        <P>The namespace prefix and name of the element.</P>
        <P>An empty namespace string means the default namespace.</P>
      </arg>
    </method>

    <method name="Reset">
      <P>Abandon processing the current stream and prepare for a new one.
      Intended for error processing while obviating the need to destroy and
      recreate the handler.</P>
      <arg name="Content" type="PIFILE" optional="true">
        <P>Replace old content file with this one if specified.</P>
      </arg>
    </method>

    <method name="GetContent">
      <P>Return current content file.</P>
      <arg name="pContent" type="PIFILE*" direction="out">
        <P>The file is returned here with ref.</P>
      </arg>
    </method>

  </interface>

  <interface name="ISoapSerializer" type="PISOAPSERIALIZER"
             extends="ISaxHandler"
             iid="f47e3288-5af5-4982-ac49-3010bd469372" mygroup="Soap">

    <P>SOAP Serializer. ISoapSerializer and ISoapConnector are implemented
       in different COBs because 
       ISoapSerializer is independed on which protocol ISoapConnector
       is implemented over, such as 
       HTTP, FTP or UDP. </P>

    <struct name="HREF" doptype="true">
    </struct>

    <method name="GetNamespace">
      <P>Translate name space prefix to namespace descriptor.</P>
      <arg name="Prefix" type ="string">
        <P>The prefix.</P>
      </arg>
      <arg name="pNamespace" type="CPXMLNAMESPACE *" direction="out">
        <P>The namespace is returned here.</P>
      </arg>
    </method>

    <method name="StartEnvelope">
      <P>Called when an Envelope element is encountered in the document
         being parsed.</P>
      <arg type="PICONTINUATION" name="cont">
      </arg>
      <arg name="Prefix" type="CPXMLNAMESPACE">
        <P>The namespace for the SOAP Envelope element.</P>
      </arg>
      <arg name="pNS" type="void*">
         <P>Namespaces defined in Envelope element </P>
      </arg>
      <arg name="EncodingNS" type="CPXMLNAMESPACE">
        <P>The Universal Resource Identifier (URI) for the encodingStyle
           attribute of the Envelope
           element. The values in the following table have special meaning
           when assigned to this parameter. 
           NULL (default) specifies that you do not want the encodingStyle
           attribute generated in the Envelope 
           element. "STANDARD" specifies that you want to generate the
           encodingStyle attribute with the default 
           encoding style ("http://schemas.xmlsoap.org/soap/encoding/")
           in the Envelope element. 
        </P>
      </arg>
    </method>

    <method name="EndEnvelope">
      <P>Called when an Envelope element is encountered in the document
         being parsed.</P>
      <arg name="Prefix" type="CPXMLNAMESPACE">
        <P>Must be the same as the Prefix in StartEnvelope. </P>
      </arg>
    </method>

    <method name="StartBody">
      <P>Called when an Body element is encountered in the document
         being parsed.</P>
      <arg name="Prefix" type="CPXMLNAMESPACE">
        <P>Must be the same as the Prefix in StartEnvelope. </P>
      </arg>
      <arg name="EncodingNS" type="CPXMLNAMESPACE">
        <P>The Universal Resource Identifier (URI) for the encodingStyle
           attribute of the Body
           element. The values in the following table have special meaning
           when assigned to this parameter. 
           NULL (default) specifies that you do not want the encodingStyle
           attribute generated in the Body 
           element. "STANDARD" specifies that you want to generate the
           encodingStyle attribute with the 
           default encoding style
           ("http://schemas.xmlsoap.org/soap/encoding/") in the Body element. 
        </P>
      </arg>
    </method>

    <method name="EndBody">
      <P>Called when an Body element is encountered in the document being
         parsed.</P>
      <arg name="Prefix" type="CPXMLNAMESPACE">
        <P>Must be the same as the Prefix in StartBody. </P>
      </arg>
    </method>

    <method name="StartHeader">
      <P>Indicates the beginning of a Header element.</P>
      <arg name="Prefix" type="CPXMLNAMESPACE">
        <P>Must be the same as the Prefix in StartBody. </P>
      </arg>
      <arg name="EncodingNS" type="CPXMLNAMESPACE">
        <P>The Universal Resource Identifier (URI) for the encodingStyle 
           attribute of the Header element. The values in the following
           table have special meaning when assigned to this parameter. 
           NULL (default) specifies that you do not want the encodingStyle
           attribute generated in the Header 
           element. "STANDARD" specifies that you want to generate the
           encodingStyle attribute with the 
           default encoding style
           ("http://schemas.xmlsoap.org/soap/encoding/") in the Header
           element. 
        </P>
      </arg>
    </method>

    <method name="EndHeader">
      <P>End the Header element.</P>
      <arg name="Prefix" type="CPXMLNAMESPACE">
        <P>Must be the same as the Prefix in StartHeader. </P>
      </arg>
    </method>

    <method name="StartFault">
      <P>Called when an Fault element is encountered in the document
         being parsed.</P>
      <arg name="Prefix" type="CPXMLNAMESPACE">
        <P>Must be the same as the Prefix in StartBody. </P>
      </arg>
      <arg name="EncodingNS" type="CPXMLNAMESPACE">
      </arg>
      <arg name="FaultCode" type="string">
        <P>The value of the Faultcode element.</P>
      </arg>
      <arg name="FaultString" type="string">
        <P>The value of the Faultstring element.</P>
      </arg>
      <arg name="FaultActor" type="string">
        <P>The value of the Faultactor element. If this parameter is NULL, 
          the Fault element does not include a faultactor child element.
        </P>
      </arg>
    </method>

    <method name="EndFault">
      <P>End the Fault element.</P>
      <arg name="Prefix" type="CPXMLNAMESPACE">
        <P>Must be the same as the Prefix in StartFault. </P>
      </arg>
    </method>

    <method name="SimpleType">
      <P>A value of given type is encountered.</P>
      <arg type="UINT" name="argtype">
        <P>DESCR_TYPE: type of arg.</P>
      </arg>
      <arg type="UINT" name="Flags">
        <P>ARGUMENT_DESCR_FLAGS determines how to serialize data.</P>.
      </arg>

      <arg type="PTR" name="where" length-is="Length">
        <P>Pointer to unserialized value.</P>
      </arg>
      <arg type="UINT" name="Length" optional="true">
        <P>Length of content, when applicable. For strings this is a maximum,
        i.e. the string is terminated by an _EOS ('\0') if it comes first.</P>
      </arg>

      <arg type="PSAXATTRIBUTE" name="Elem" optional="true">
        <P>Element to output (when desired).</P>
      </arg>
      <arg type="PSAXATTRIBUTE" name="Attr" length-is="Count" optional="true">
        <P>All the attributes.
          Needs to have space for an additional one (for xsi type)</P>
        <P>When <B>Elem</B> is NULL but <B>Attr</B> is not, the value is
        serialized into attribute. When both are NULL, the value is output as
        plain text.</P>
      </arg>
      <arg type="UINT" name="Count">
        <P>The number of attributes so far.</P>
      </arg>
      <arg type="string" name="intbuf" direction="inout">
        <P>Buffer to format numbers/dates into. Must be at least 26 long.
         ("out" when Elem==NULL and Attrib)
         XXX sizeis
        </P>
      </arg>
      <arg type="UINT" name="intbufsize" size-is="intbuf">
        <P>Size of intbuf (must be at least 26).</P>
      </arg>
    </method>

    <method name="Blob">
      <P>Blob of data (a chunk of binary data) was encountered.</P>
      <arg type="PTR" name="where">
        <P>Buffer for data.</P>
      </arg>
      <arg type="UINT" name="Count">
        <P>How much data.</P>
      </arg>
      <arg type="PSAXATTRIBUTE" name="Elem" optional="true">
        <P>Output element and type tag in addition to data.
           NULL: Plain data.</P>
      </arg>
    </method>

    <method name="ComplexRef">
      <arg type="PSAXATTRIBUTE" name="Elem">
      </arg>
      <arg type="UINT" name="id">
        <P>Id of ref.</P>
      </arg>
      <arg type="CPXMLNAMESPACE" name="encodingNS">
      </arg>
    </method>

    <method name="Complex">
      <arg type="CPXMLNAMESPACE" name="encodingNS">
      </arg>
      <arg name="phref" type="PHREF" direction="inout">
      </arg>
      <arg name="phrefn" type="PUINT" direction="inout">
      </arg>
      <arg name="RetVal" type="UINT32">
      </arg>
    </method>

    <method name="Method">
      <arg type="PICONTINUATION" name="cont">
      </arg>
      <arg type="BOOL" name="IsResponse">
      </arg>
      <arg type="PHREF*" name="pphref" direction="out">
      </arg>
      <arg type="PUINT" name="phrefn" direction="inout">
      </arg>
    </method>

    <method name="StartMessage">
      <arg type="PICONTINUATION" name="cont">
      </arg>
      <arg type="BOOL" name="IsResponse">
      </arg>
      <arg name="metd" type="const void *">
        <P>Descriptor for method (CPMETHOD_DESCR).</P>
      </arg>
    </method>

    <method name="EndMessage">
      <arg type="CPXMLNAMESPACE" name="envelopeNS">
      </arg>
    </method>

    <method name="MethodMessage">
      <arg type="PICONTINUATION" name="cont">
      </arg>
      <arg type="BOOL" name="isResponse">
      </arg>
    </method>

    <method name="FaultMessage">
      <P>Generate a message containing a fault.</P>
      <arg type="PICONTINUATION" name="cont">
      </arg>
      <arg type="SCODE" name="err">
        <P>Type of fault expressed as error code.</P>
      </arg>
      <arg type="soap12:PCode" name="FaultCode" optional="true">
        <P>When given, use the given code for the fault and ignore sc.</P>
      </arg>
      <arg type="string" name="faultstring" optional="true">
        <P>Explanatory text if any.</P>
      </arg>
    </method>

 </interface>
</mmlite-spec>
