<?xml version='1.0'?>
<!-- Copyright (c) Microsoft Corporation. All rights reserved. -->

<Schema xmlns="urn:schemas-microsoft-com:xml-data"
        xmlns:dt="urn:schemas-microsoft-com:datatypes">

<AttributeType name="name" required="yes"/>
<AttributeType name="type"/>
<AttributeType name="ctype"/>
<AttributeType name="source-ptr"/>
<AttributeType name="prefix" />
<AttributeType name="optional" dt:type="enumeration" dt:values="false true"/>
<AttributeType name="fully-qualified" dt:type="enumeration" dt:values="false true"/>
<AttributeType name="original-file" />
<AttributeType name="documentation-file" />
<AttributeType name="array" dt:type="string"/><!-- int or define -->
<AttributeType name="list"/><!-- name of LISTNODE in ref elem -->
<AttributeType name="size-is"/>
<AttributeType name="length-is"/>
<AttributeType name="type-is"/>
<AttributeType name="selector-is"/>
<AttributeType name="serialize-as" dt:type="string"/>
<AttributeType name="cimcompat" dt:type="enumeration" dt:values="false true"/>
<AttributeType name="sampletext"/>
<AttributeType name="private" dt:type="enumeration" dt:values="false true" />

<ElementType name="source-file"/>
<ElementType name="string-entry" dt:type="string"/>
<ElementType name="profile-name" dt:type="idref" />
<ElementType name="hardware-platform-name" dt:type="idref" />
<ElementType name="expands-profile" content="textOnly" dt:type="idref" />
<ElementType name="contains-group" content="textOnly" dt:type="idref" />
<ElementType name="contains-image" content="textOnly" dt:type="idref" />
<ElementType name="ifdef" content="textOnly"/>
<ElementType name="argument" content="textOnly"/>

<ElementType name="contains-component" content="textOnly" dt:type="idref">
  <attribute type="original-file" />
</ElementType>

<ElementType name="namespace" content="textOnly">
  <AttributeType name="prefix" required="yes" />
  <AttributeType name="uri-skip-suffix" dt:type="token"/> <!-- this part of the namespace QName is not used in action URI -->
  <AttributeType name="token" required="yes" dt:type="int"/>
  <AttributeType name="type" dt:type="enumeration" dt:values="INTERFACE STRUCT ANY"/>
  <attribute type="prefix"/>
  <attribute type="uri-skip-suffix"/>
  <attribute type="token"/>
  <attribute type="type" default="INTERFACE"/>
</ElementType>

<ElementType name="uses-namespace" content="empty">
  <AttributeType name="prefix" required="yes" />
  <attribute type="prefix"/>
</ElementType>

<!-- Allow a few html tags inside text sections -->
<AttributeType name="HREF"/>
<AttributeType name="NAME"/>
<ElementType name="B" content="textOnly"/>
<ElementType name="I" content="textOnly"/>
<ElementType name="A">
  <attribute type="HREF" />
  <attribute type="NAME" />
</ElementType>

<ElementType name="P">
  <element type="see-also" minOccurs="0"/>
  <element type="B" minOccurs="0"/>
  <element type="I" minOccurs="0"/>
  <element type="A" minOccurs="0"/>
</ElementType>

<ElementType name="notes">
  <element type="B" minOccurs="0"/>
  <element type="I" minOccurs="0"/>
  <element type="A" minOccurs="0"/>
</ElementType>

<ElementType name="discussion">
  <element type="P" />
</ElementType>

<ElementType name="return-value">
  <AttributeType name="value" />

  <attribute type="value" />
  <element type="P" minOccurs="0" />
</ElementType>

<ElementType name="see-also" content="textOnly">
  <attribute type="HREF"/>
</ElementType>

<ElementType name="implements" content="textOnly" dt:type="idref" >
  <attribute type="prefix" />
  <attribute type="private" />
</ElementType>

<ElementType name="subclassed-method" content="textOnly">
  <AttributeType name="implementation-name" />

  <attribute type="name" />
  <attribute type="implementation-name" />
  <attribute type="private" />
</ElementType>

<!-- The opposite of subclassed-method -->
<ElementType name="inherited-method" content="textOnly">
  <attribute type="name" />
</ElementType>

<!-- The third opposite, return E_NOT_IMPLEMENTED or NULL -->
<ElementType name="unimplemented-method" content="textOnly">
  <attribute type="name" />
</ElementType>

<ElementType name="uses-interface" content="empty">
  <attribute type="name" />
  <attribute type="type" />
</ElementType>

<ElementType name="has-device" content="textOnly" dt:type="idref" >
  <attribute type="optional" default="true" />
</ElementType>

<ElementType name="example" content="eltOnly">
  <AttributeType name="sample-file"/>

  <attribute type="name" />
  <attribute type="sample-file" />
</ElementType>

<!-- Include part of an XML doc in place of this tag -->
<ElementType name="include" content="eltOnly">
  <AttributeType name="file" />
  <AttributeType name="select" />
  <AttributeType name="silent" dt:type="enumeration" dt:values="false true" />

  <attribute type="file" />
  <attribute type="select" />
  <attribute type="optional" />
  <attribute type="silent" />
</ElementType>

<ElementType name="field" order="seq" content="eltOnly">
  <attribute type="name" />
  <attribute type="type" />
  <attribute type="ctype"/><!-- optionally override default non-const type -->
  <attribute type="optional"/>
  <attribute type="fully-qualified"/>
  <attribute type="size-is" />
  <attribute type="length-is" />
  <attribute type="type-is" />
  <attribute type="selector-is" />
  <attribute type="array" />
  <attribute type="list" />
  <attribute type="serialize-as" />
  <attribute type="sampletext"/>
  <group order="seq">
    <element type="P" minOccurs="0" />
    <element type="notes" minOccurs="0" />
    <element type="discussion" minOccurs="0" />
  </group>
</ElementType>

<ElementType name="typedef" order="seq" content="eltOnly">
  <AttributeType name="array" dt:type="string"/><!-- int or define -->
  <AttributeType name="arglist" dt:type="string"/><!-- name is func pointer -->
  <AttributeType name="linkage" dt:type="string"/>

  <attribute type="name" />
  <attribute type="type" />
  <attribute type="array" />
  <attribute type="arglist" />
  <attribute type="linkage" />
  <group order="seq">
    <element type="P" minOccurs="0" />
    <element type="notes" minOccurs="0" />
    <element type="discussion" minOccurs="0" />
  </group>
</ElementType>

<ElementType name="arg" order="seq" content="eltOnly">
  <AttributeType name="direction" dt:type="enumeration"
                 dt:values="in out inout" default="in"/>

  <attribute type="name" />
  <attribute type="type" />
  <attribute type="direction"/>
  <attribute type="optional"/>
  <attribute type="fully-qualified"/>
  <attribute type="size-is" />
  <attribute type="length-is" />
  <attribute type="type-is" />
  <attribute type="selector-is" />
  <attribute type="array" />
  <attribute type="list" />
  <attribute type="serialize-as" />
  <attribute type="sampletext"/>
  <group order="seq">
    <element type="P" minOccurs="0" />
    <element type="notes" minOccurs="0" />
    <element type="discussion" minOccurs="0" />
  </group>
</ElementType>

<ElementType name="constant-value" order="seq" content="eltOnly">
  <AttributeType name="ordinal"/>
  <AttributeType name="nobase"/>

  <attribute type="name" />
  <attribute type="ordinal" />
  <attribute type="nobase" />
  <element type="P" minOccurs="0" />
  <element type="notes" minOccurs="0" />
  <element type="discussion" minOccurs="0" />
</ElementType>

<ElementType name="constant" order="seq" content="eltOnly">
  <AttributeType name="base"/>
  <AttributeType name="typecast" required="no" dt:type="string" />

  <attribute type="name" />
  <attribute type="type" />
  <attribute type="prefix" />
  <attribute type="base" />
  <attribute type="typecast" />
  <element type="P" minOccurs="0" />
  <element type="notes" minOccurs="0" />
  <element type="discussion" minOccurs="0" />
  <element type="constant-value" maxOccurs="*" />
</ElementType>

<ElementType name="struct" content="eltOnly">
  <AttributeType name="initializer" dt:type="string" />
  <AttributeType name="dotype" dt:type="enumeration" dt:values="false true"/>
  <AttributeType name="doptype" dt:type="enumeration" dt:values="false true"/>
  <AttributeType name="docptype" dt:type="enumeration" dt:values="false true"/>

  <attribute type="name" />
  <attribute type="dotype" />
  <attribute type="doptype" />
  <attribute type="docptype" />
  <attribute type="initializer" />
  <attribute type="serialize-as" />
  <group order="seq">
    <element type="field" minOccurs="0" maxOccurs="*" />
    <element type="example" minOccurs="0" />
    <element type="see-also" minOccurs="0" />  
    <element type="P" minOccurs="0" />
    <element type="notes" minOccurs="0" />
    <element type="discussion" minOccurs="0" />
  </group>
</ElementType>

<ElementType name="method-group" content="eltOnly">
  <AttributeType name="name" required="yes" dt:type="string"/>

  <attribute type="name" />
  <group order="seq">
    <element type="P" />
    <element type="B" minOccurs="0" />
    <element type="I" minOccurs="0" />
    <element type="notes" minOccurs="0" />
    <element type="see-also" minOccurs="0" />  
  </group>
</ElementType>

<ElementType name="method" content="eltOnly">
  <AttributeType name="convention"/>
  <AttributeType name="virtual" dt:type="enumeration" dt:values="false true" default="true" />
  <AttributeType name="manual-declare" dt:type="enumeration" dt:values="false true" default="false" />
  <AttributeType name="responsename" />
  <AttributeType name="resultname" />
  <AttributeType name="stacksize" default="0"/><!-- temporary for SOAP -->

  <attribute type="name" />
  <attribute type="virtual" />
  <attribute type="optional" default="false" /> <!-- If false the return value is safe to ignore -->
  <attribute type="convention" /> <!-- allows compat with __stdcall junk -->
  <attribute type="manual-declare" /> <!-- no automatic declaration -->
  <attribute type="type" default="SCODE"/>
  <attribute type="ctype"/><!-- optionally override default const type -->
  <attribute type="array" /><!-- the length of the array returned -->
  <attribute type="responsename"/><!-- the method name of the response message in SOAP -->
  <attribute type="resultname"/><!-- the name of the return value in SOAP -->
  <attribute type="stacksize" default="0"/>
  <attribute type="serialize-as" />
  <attribute type="cimcompat" /><!-- output extra elem_INPUT, elem_OUTPUT -->
  <group order="seq">
    <element type="P" minOccurs="0" />
    <element type="return-value" minOccurs="0" maxOccurs="*" />
    <element type="arg" minOccurs="0" maxOccurs="*" />
    <element type="example" minOccurs="0" />
    <element type="see-also" minOccurs="0" />  
    <element type="ifdef" minOccurs="0" />  
    <element type="notes" minOccurs="0" />
    <element type="discussion" minOccurs="0" />
  </group>
</ElementType>

<ElementType name="constructor" order="seq" content="eltOnly">
  <AttributeType name="name" dt:type="string"/>

  <attribute type="prefix" default="" />
  <attribute type="type" /><!-- default is iface* -->
  <attribute type="name" /><!-- default is PrefixClassNew -->
  <attribute type="source-ptr" />
  <group order="seq">
    <element type="arg" minOccurs="0" />
    <element type="example" minOccurs="0" />
    <element type="see-also" minOccurs="0" />  
    <element type="P" minOccurs="0" />
    <element type="notes" minOccurs="0" />
    <element type="discussion" minOccurs="0" />
  </group>
</ElementType>

<ElementType name="interface-group" content="eltOnly">
  <AttributeType name="name" required="yes" dt:type="id"/>

  <attribute type="name" />
  <attribute type="original-file" required="yes" /><!-- generated -->
  <group order="seq">
    <element type="P" />
    <element type="B" minOccurs="0" />
    <element type="I" minOccurs="0" />
    <element type="notes" minOccurs="0" />
    <element type="see-also" minOccurs="0" />  
  </group>
</ElementType>

<AttributeType name="mygroup" dt:type="idref" /><!-- generated -->

<ElementType name="interface" content="eltOnly">
  <AttributeType name="name" required="yes" dt:type="id"/>
  <AttributeType name="iid" dt:type="uuid" />
  <AttributeType name="extends" dt:type="idref" />
  <AttributeType name="documentation-only" dt:type="enumeration" dt:values="false true" default="false"/>

  <attribute type="name" />
  <attribute type="type" />
  <attribute type="iid"/>
  <attribute type="extends" />
  <attribute type="documentation-file" />
  <attribute type="documentation-only"/>
  <attribute type="original-file" /><!-- generated -->
  <attribute type="mygroup" required="yes" />
  <group order="seq">
    <element type="namespace" minOccurs="0" maxOccurs="*" />
    <element type="P" />
    <element type="B" minOccurs="0" />
    <element type="I" minOccurs="0" />
    <element type="notes" minOccurs="0" />
    <element type="see-also" minOccurs="0" />  
    <element type="uses-interface" minOccurs="0" maxOccurs="*"/>
    <element type="example" minOccurs="0" maxOccurs="*"/>
    <element type="constant" minOccurs="0" maxOccurs="*"/>
    <element type="struct" minOccurs="0" maxOccurs="*"/>
    <element type="typedef" minOccurs="0" maxOccurs="*"/>
    <element type="string-entry" minOccurs="0" maxOccurs="*"/>
    <group order="one" minOccurs="0" maxOccurs="*" >
      <element type="method-group" minOccurs="0" />
      <element type="method" maxOccurs="*"/>
    </group>
    <!-- Defining a constructor as part of the interface makes it
         show up in each concrete class -->
    <element type="constructor" minOccurs="0" maxOccurs="*"/>
  </group>
</ElementType>

<ElementType name="concrete-class" content="eltOnly" model="open" >
  <AttributeType name="name" required="yes" dt:type="id"/>
  <AttributeType name="source-dir"/>
  <AttributeType name="super-class" dt:type="idref" />
  <AttributeType name="binding" dt:type="enumeration" dt:values="compile load use" default="compile"/>

  <attribute type="name" />
  <attribute type="type" />
  <attribute type="super-class" />
  <attribute type="binding" />
  <attribute type="source-dir" />
  <attribute type="documentation-file" />
  <attribute type="original-file" />
  <group order="seq">
    <element type="implements" maxOccurs="*" />
    <element type="constructor" minOccurs="0" maxOccurs="*"/>
    <element type="source-file" minOccurs="0" maxOccurs="*"/>
    <element type="P" minOccurs="0" />
    <element type="notes" minOccurs="0" />
    <element type="discussion" minOccurs="0" />
    <element type="subclassed-method" minOccurs="0" maxOccurs="*"/>
    <element type="inherited-method" minOccurs="0" maxOccurs="*"/>
    <element type="unimplemented-method" minOccurs="0" maxOccurs="*"/>
    <element type="uses-interface" minOccurs="0" maxOccurs="*"/>
  </group>
</ElementType>

<ElementType name="contains-concrete-class">
  <AttributeType name="name" required="yes" dt:type="idref"/>

  <attribute type="name" />
  <attribute type="optional" />
</ElementType>

<ElementType name="component-group" content="eltOnly">
  <AttributeType name="name" required="yes" dt:type="id"/>

  <attribute type="name" />
  <attribute type="documentation-file" />
  <attribute type="original-file" />
  <attribute type="mygroup" /><!-- when nested group -->
  <element type="P" />
</ElementType>

<ElementType name="uses-library" content="eltOnly">
  <attribute type="name" />
</ElementType>

<ElementType name="uses-include" content="eltOnly">
  <attribute type="name" />
</ElementType>

<ElementType name="component" content="eltOnly" >
  <AttributeType name="name" required="yes" dt:type="id"/>
  <AttributeType name="docob" dt:type="enumeration" dt:values="false true" default="true"/>
  <AttributeType name="template" required="no" dt:type="idref"/>

  <attribute type="name" />
  <attribute type="documentation-file" />
  <attribute type="original-file" />
  <attribute type="template" />
  <attribute type="prefix" />
  <attribute type="docob"/>
  <element type="contains-concrete-class" minOccurs="0" maxOccurs="*"/>
  <element type="ifdef" minOccurs="0" />  
  <element type="uses-library" minOccurs="0" maxOccurs="*" />  
  <element type="concrete-class" minOccurs="0" maxOccurs="*" />
  <attribute type="mygroup" /><!-- required="yes" generated -->
  <element type="P" />
</ElementType>

<ElementType name="image" content="eltOnly">
  <AttributeType name="image-type" dt:type="enumeration" dt:values="cob exe fs dll bootable"/>

  <attribute type="name" />
  <attribute type="image-type" />
  <attribute type="documentation-file" />
  <attribute type="original-file" />
  <element type="contains-group" minOccurs="0" maxOccurs="*"/>
  <element type="P" minOccurs="0" />
</ElementType>

<ElementType name="device" content="eltOnly">
  <AttributeType name="name" required="yes" dt:type="id"/>
  <AttributeType name="module" required="yes" />
  <AttributeType name="is-net" dt:type="enumeration" dt:values="false true" default="false"/>
  <AttributeType name="interrupt" />
  <AttributeType name="stacked-on" dt:type="idref" />
  <AttributeType name="address" />

  <attribute type="name" />
  <attribute type="module" />
  <attribute type="is-net" />
  <attribute type="address" />
  <attribute type="interrupt" />
  <attribute type="stacked-on" />
  <attribute type="original-file" />
  <element type="argument" minOccurs="0" maxOccurs="*"/>
  <element type="P" />
  <element type="notes" minOccurs="0" />
</ElementType>

<ElementType name="hardware-platform" content="eltOnly">
  <AttributeType name="name" required="yes" dt:type="id"/>
  <AttributeType name="cpu"/>

  <attribute type="name" />
  <attribute type="cpu" />
  <attribute type="documentation-file" />
  <attribute type="original-file" />
  <element type="has-device" minOccurs="0" maxOccurs="*"/>
  <element type="P" />
</ElementType>

<ElementType name="profile" content="eltOnly">
  <AttributeType name="name" required="yes" dt:type="id"/>

  <attribute type="name" />
  <attribute type="documentation-file" />
  <attribute type="original-file"/><!-- generated -->
  <element type="expands-profile" minOccurs="0" maxOccurs="*"/>
  <group order="one" maxOccurs="*" >
    <element type="contains-component" minOccurs="0" maxOccurs="*"/>
    <element type="contains-image" minOccurs="0" maxOccurs="*"/>
    <element type="uses-library" minOccurs="0" maxOccurs="*" />  
    <element type="uses-namespace" minOccurs="0" maxOccurs="*" />
  </group>
  <element type="P" minOccurs="0" maxOccurs="*" />
</ElementType>

<ElementType name="product" content="eltOnly">
  <AttributeType name="name" required="yes" dt:type="id"/>

  <attribute type="name" />
  <attribute type="documentation-file" />
  <attribute type="original-file" />
  <element type="profile-name" />
  <element type="hardware-platform-name" />
  <element type="P" />
</ElementType>

<ElementType name="toc-item" content="eltOnly">
  <AttributeType name="name" required="yes" dt:type="string"/>
  <AttributeType name="link" />
  <AttributeType name="tip" />

  <attribute type="name" />
  <attribute type="link" />
  <attribute type="tip" />
  <attribute type="original-file" />
  <element type="toc-item" minOccurs="0" maxOccurs="*" />
</ElementType>

<ElementType name="mmlite-spec" order="seq" content="eltOnly">
  <group order="one" maxOccurs="*" >
    <element type="interface-group" />
    <element type="interface" maxOccurs="*" />
  </group>
  <group order="one" maxOccurs="*" >
    <element type="component-group" maxOccurs="*" />
    <element type="component" maxOccurs="*" />
    <element type="concrete-class" maxOccurs="*" />
  </group>
   <element type="image" minOccurs="0" maxOccurs="*" />
  <element type="profile" minOccurs="0" maxOccurs="*" />
  <element type="device" maxOccurs="*" />
  <element type="hardware-platform" minOccurs="0" maxOccurs="*" />
  <element type="product" minOccurs="0" maxOccurs="*" />
  <element type="toc-item" maxOccurs="*" />
</ElementType>

</Schema>
