<?xml version='1.0' encoding="iso-8859-1"?>
<!-- Copyright (c) Microsoft Corporation. All rights reserved. -->

<!-- This file is a specification for MMLite interfaces.
     C headers, v-tables, documentation, metadata, etc. are derived from it.
  -->

<mmlite-spec xmlns="x-schema:spec-schema.xml">

  <!-- ****** Interfaces ****** -->
  <include file="baseif.xml" select="/mic:mmlite-spec/*"/>
  <include file="basertlif.xml" select="/mic:mmlite-spec/*"/>
  <include file="schedulif.xml" select="/mic:mmlite-spec/*"/>
  <include file="exp.xml" select="/mic:mmlite-spec/*" optional="true" />
  <include file="asyncio.xml" select="/mic:mmlite-spec/*"
           optional="true" />
  <include file="driverif.xml" select="/mic:mmlite-spec/*"/>
  <include file="framebuffer.xml" select="/mic:mmlite-spec/*"/>
  <include file="usbslave.xml" select="/mic:mmlite-spec/*"/>
  <include file="usbmaster.xml" select="/mic:mmlite-spec/*"/>
  <include file="busdriver.xml" select="/mic:mmlite-spec/*"/>
  <include file="netif.xml" select="/mic:mmlite-spec/*"/>
  <include file="vmemif.xml" select="/mic:mmlite-spec/*"/>
  <!-- Include the rest of the VMem interfaces if they are present -->
  <include file="vmemif2.xml" select="/mic:mmlite-spec/*"
           optional="true" silent="true" />
  <include file="soapif.xml" select="/mic:mmlite-spec/*"/>
  <include file="httpif.xml" select="/mic:mmlite-spec/*"/>
  <include file="tokenizerif.xml" select="/mic:mmlite-spec/*"/>
  <include file="wsif.xml" select="/mic:mmlite-spec/*"/>
  <include file="wsifhelp.xml" select="/mic:mmlite-spec/*"/>
  <include file="crypto.xml" select="/mic:mmlite-spec/*"/>
  <include file="clrif.xml" select="/mic:mmlite-spec/*"/>
  <include file="utilif.xml" select="/mic:mmlite-spec/*"/>
  <!-- Include the rest of the utility interfaces if they are present -->
  <include file="utilif2.xml" select="/mic:mmlite-spec/*"
           optional="true" silent="true" />
  <include file="sampleif.xml" select="/mic:mmlite-spec/*"/>
<!--
  <include file="cimif.xml" select="/mic:mmlite-spec/*" optional="true" />
-->
  <include file="../src/spe/invisible_xml/speif.xml" select="/mmlite-spec/*" optional="true" />
  <!-- ****** Components and concrete classes ****** -->
  <include file="basics.xml" select="/mic:mmlite-spec/*"/>
  <include file="../src/heaps/heaps.xml" select="/mic:mmlite-spec/*"/>
  <include file="../src/schedulers/schedulers.xml" select="/mic:mmlite-spec/*"/>
  <include file="../src/base/base.xml" select="/mic:mmlite-spec/*"/>
  <include file="../src/vmem/vmem.xml" select="/mic:mmlite-spec/*"
           optional="true" />
  <include file="../src/storage/storage.xml" select="/mic:mmlite-spec/*"/>
  <include file="../src/web/web.xml" select="/mic:mmlite-spec/*"/>
  <include file="../src/web/cim/cimres.xml" select="/mic:mmlite-spec/*"/>
  <include file="../src/net/net.xml" select="/mic:mmlite-spec/*"/>
  <include file="../src/crypto/cyphers.xml" select="/mic:mmlite-spec/*"/>
  <include file="../src/drivers/bus/busdrivers.xml" select="/mic:mmlite-spec/*"/>
  <include file="../src/drivers/serial/usb/slave/usbslaves.xml" select="/mic:mmlite-spec/*"/>
  <include file="../src/drivers/serial/usb/master/usbmasters.xml" select="/mic:mmlite-spec/*"/>
  <include file="../src/drivers/video/framebuffers.xml" select="/mic:mmlite-spec/*"/>
  <include file="../src/drivers/drivers.xml" select="/mic:mmlite-spec/*"/>
  <include file="../samples/samples.xml" select="/mic:mmlite-spec/*"/>
  <include file="../src/spe/invisible_xml/spe.xml" select="/mic:mmlite-spec/*" optional="true" />

  <!-- ****** Other ****** -->
  <include file="profiles.xml" select="/mic:mmlite-spec/*"/>
  <include file="profiles2.xml" select="/mic:mmlite-spec/*" optional="true" />
  <include file="hardware.xml" select="/mic:mmlite-spec/*"/>
  <include file="toc.xml" select="/mic:mmlite-spec/*"/>

</mmlite-spec>
