<?xml version='1.0'?>
<!-- Copyright (c) Microsoft Corporation. All rights reserved. -->
<mmlite-spec xmlns="x-schema:spec-schema.xml">

<toc-item name="MMLite Home"  link="default.htm">
  <toc-item name="Interfaces" link="interfaces.htm" tip="Interfaces define interaction between components">
  </toc-item>

  <toc-item name="Concrete Classes" link="classes.htm" tip="Concrete classes are implementations of interfaces and are parts of components.">
  </toc-item>

  <toc-item name="Files" link="" tip="Source for the system">
    <toc-item name="Include Files" tip="Externally visible declarations" link="include/default.htm">
      <toc-item name="stdio.h" tip="Standard i/o library (ISO C)" link="include/stdio.h.htm" />
    </toc-item>
  </toc-item>

</toc-item>

</mmlite-spec>
