<?xml version='1.0'?>
<!-- Copyright (c) Microsoft Corporation. All rights reserved. -->

<!-- Included from interfaces.xml -->

<mmlite-spec xmlns="x-schema:spec-schema.xml">
  <interface name="ITokenizerFactory" type="PITOKENIZERFACTORY"
             extends="IProgram" iid="4ee2b33d-6f11-4c44-be60-7c2fd728aab9"
             mygroup="Soap">
    <P>Creates instances of ITokenizer implementations.</P>
    <method name="Create">
      <P>If successful, a new Tokenizer instance has been created and the 
      returned status code indicates success. Otherwise an error code is 
      returned and the value of the second argument is undefined.</P>
      <arg name="Source" type="PIUNKNOWN">
        <P>Pre: It must be possible to directly cast this interface pointer 
        to either a PIFILE or a PIENDPOINT, and get a valid interface 
        pointer.</P>
      </arg>
      <arg name="New" type="PITOKENIZER*" direction="out">
        <P>Post: If the method call is successful, the value of this argument 
        will point to a brand new Tokenizer instance, initialized to 
        tokenize the source argument.</P>
      </arg>
    </method>
    <method name="CreateBufWin">
      <P>Create a buffer processing stream element.</P>
      <arg name="Flags" type="NAME_SPACE_FLAGS">
        <P>WRITE takes input (sink); READ produces output (source); READ|WRITE
        is a pass-through filter.</P>
      </arg>
      <arg name="Target" type="PIUNKNOWN" optional="true">
        <P>In sources this is where the data is read from; in sinks where
        it is written to. In filters the argument is ignored.
        If the argument is NULL, the data is discarded. In a source the
        component needs to generate some data. The argument should
        be an IFile, IEndPoint, IBuffer, or some such.</P>
      </arg>
      <arg name="Type" type="string">
        <P>Type of processing unit. XXX values TBD.</P>
      </arg>
      <arg name="New" type="PIBUFWIN*" direction="out">
        <P>Returns the new object.</P>
      </arg>
    </method>
  </interface>

  <interface name="ITokenizer" type="PITOKENIZER" extends="IUnknown"
             iid="120C8990-9EA5-4f6f-BCD7-9EF7106969F9" mygroup="Soap">
    
    <P>The purpose of this interface is to encapsulate the tokenizing of
    string data that is spread over multiple buffers, for example, a sequence
    of mbufs. The buffers can be the results of reading from either a file 
    interface, or an endpoint interface.</P>
  
    <struct name="CypherKey" dotype="true"></struct>

    <struct name="TokenMarker" doptype="true" dotype="true">
      <field name="v" type="const struct ITokenizerVtbl*">
        <P>A vtable. Since the TokenizerFactoryCreate returns PTokenMarkers, this is needed to reach the functions</P>
      </field>
      <field name="Parent" type="PITOKENIZER">
        <P>Since the TokenizerFactoryCreate returns PTokenMarkers, this is needed to reach the actual Tokenizer object</P>
      </field>
      <field name="Content" type="PBYTE">
        <P>This points to the actual data</P>
      </field>
      <field name="ContentBuffer" type="struct mbuf*">
        <P>This points to current mbuf structure in the chain</P>
      </field>
      <field name="ContentLength" type="UINT">
        <P>Length of valid data. UINT_MAX means until EOF</P>
      </field>
      <field name="Refs" type="UINT">
        <P>Reference count. The REFCNT_VALID bit (generally the 31st bit) signals the validity of the marker</P>
      </field>      
    </struct>

    <struct name="NameStringStruct" doptype="true" dotype="true">
      <P>
      This struct is a linked list of strings XXX Use wsa:StringItem instead
      </P>   
      <field name="byType" type="BYTE">
        <P>Type of string</P>
      </field>
      <field name="pchName" type="char*">
        <P>The string</P>
      </field>
      <field name="byStrLen" type="BYTE">
        <P>Length of string</P>
      </field>
      <field name="pNextNameString" type="void*">
        <P>Pointer to next string. XXX should use standardized lists.</P>
      </field>
    </struct>

    <constant name="XML_PARSING_EVENT" type="UINT" prefix="XML_PARSING_EVENT_">
      <P>Enumeration values for <I>pItemType</I> in the <B>ReadXml</B>
      method.</P>
      <constant-value name="PUSH" ordinal="1">
        <P>The scope level decreased by one. This is a result of end element
          or end processing instruction.</P>
      </constant-value>
      <constant-value name="POP" ordinal="2">
        <P>The scope level increased by one. Potential NS_DEFINE events follow
          before expected ELEMENT.</P>
      </constant-value>
      <constant-value name="POP_PI" ordinal="3">
        <P>This POP came from a processing instruction.</P>
      </constant-value>
      <constant-value name="NAMESPACE_DECLARE" ordinal="4">
        <P>Define namespace within current (transitive) scope.</P>
      </constant-value>
      <constant-value name="ELEMENT" ordinal="5">
        <P>.</P>
      </constant-value>
      <constant-value name="PROCESSING_INSTRUCTION" ordinal="6">
        <P>.</P>
      </constant-value>
      <constant-value name="ATTRIBUTE" ordinal="7">
        <P>.</P>
      </constant-value>
      <constant-value name="TEXT" ordinal="8">
        <P>.</P>
      </constant-value>
      <constant-value name="CDATA" ordinal="9">
        <P>Same as text but encoded as CDATA.</P>
      </constant-value>
      <constant-value name="BDATA" ordinal="10">
        <P>Same as text but encoded as BDATA.</P>
      </constant-value>

    </constant>

    <method name="Load">
      <P>This method is internal; do not use outside the Tokenizer code.
      (Included in vtable to allow different Tokenizer implementations 
      to handle different buffer sources, such as files, endpoints or 
      something else. To construct a new Tokenizer implementation to 
      support some different buffer source, only the Load method should 
      need to be rewritten. Returns S_OK when successful, S_FALSE if there 
      if no more content to load, or an error. 
      If there is no )</P>
    </method>

    <method name="GetSource" type="PIUNKNOWN">
      <P>Post: Returns the Source pointer associated with the Tokenizer
      instance.  Depending on the initialization of the Tokenizer instance,
      this pointer may be directly cast to either a PIFILE or a PIENDPOINT. 
      Later implementations may add further possibilities; in general 
      the constraint that the source pointer is a PIUNKNOWN that actually 
      points to the correct buffer source interface should always hold.</P>
    </method>

    <method name="GetContent" type="PITOKENIZER">
      <P>Post: Returns a pointer to the Tokenizer instance Content Pointer.
      This is used during parsing, to give Tokenizer clients access to 
      the byte stream being tokenizer. The Content pointer marks the 
      current byte, and the beginning of the next token.</P>
      <P>Data up to Content may be discarded at any time by the tokenizer.
      This buffer marks the beginning of live data.</P>
    </method>
    
    <method name="GetContentLength" type="UINT">
      <P>Post: Returns the content length of the Tokenizer
      if there is no bound it returns INT_MAX</P>
    </method>
    
    <method name="GetSubtokenizer" type="PITOKENIZER">
      <P>Post: Returns a subtokenizer (e.g. a pointer the tokenizer data)
      The subtokenizer will point to the same location as the tokenizer
      This is used during parsing, to allow Tokenizer clients to 
      locate token boundaries. The Lookahead pointer usually marks the 
      end of the next token.
      Note: Sometimes the Lookahead pointer is used to point at the last 
      byte in a token, but sometimes to point to the next byte 
      following a token. Don't make unwarranted assumptions.</P>
    </method>

    <method name="SetIterator">
      <P>Pre: Source either points to the Tokenizer instance's Content 
      pointer, or the Lookahead pointer.
      Post: Target now points to the same pointer as Source.
      Note: The Tokenizer instance keeps track of which element of the 
      underlying buffer sequence both Content and Lookahead pointers 
      point into. Therefore it is not safe to assign to these pointers 
      unless this method is used to do so.</P>
      <arg name="Target" type="PITOKENIZER"></arg>
    </method>

    <method name="Distance">
      <P>Pre: Content and Lookahead point to the Tokenizer instance Content 
      and Lookahead pointers. LookAhead >= Content.
      Note: (BUGBUG) The Content and Lookahead parameters may be unnecessary.
      Post: Distance is the number of bytes separating the values of the 
      pointers the pointer parameters point to. This means that if the 
      pointers pointed into the same buffer, then
      *Content + *Distance = *LookAhead.
      But the pointers will often point into separate buffers.</P>
      <arg name="LookAhead" type="PITOKENIZER"></arg>
      <arg name="Distance" type="UINT*"></arg>
    </method>

    <method name="GetContiguous">
      <P>
        Pre:  The Content parameter points to either the Tokenizer instance's
        Content pointer, or its Lookahead pointer.
      </P>
      <P>
        Post: contiguos will contain the number of valid bytes after the content pointer
        that are in the same buffer
      </P>
      <arg name="contiguous" type="UINT*"/>
    </method>

    <method name="MakeContiguous">
      <P>
        Pre:  The Content parameter points to either the Tokenizer instance's
        Content pointer, or its Lookahead pointer.
      </P>
      <P>
        Post: Length bytes will be made contiguous in the buffer
      </P>
      <arg name="Length" type="UINT"/>
    </method>

    <method name="Insert">
      <P>
        Inserts empty space in the tokenizer
      </P>
      <arg name="Length" type="UINT"/>
    </method>
    
    <method name="AdvanceSymbol">
      <P>Pre:  Content points to the Tokenizer instance Content pointer, or the
      instance Lookahead pointer. 
      Steps is the number of bytes to advance.</P>
      <P>Post: If successful, the Tokenizer instance Content pointer (and the 
      value of the Content parameter) has been advanced by Steps number of 
      bytes. Then returns S_OK.</P>
      <P>If there is no content to advance through, returns S_FALSE.</P>
      <P>Note: Don't just ++*Content, because you may wind up with a buffer 
      overflow. This method takes care of jumping buffer boundaries 
      when needed, including loading a new buffer into the Tokenizer 
      instance.</P>      
      <arg name="Steps" type="INT"/>
      <arg name="AdvancedSteps" type="UINT*" direction="out" optional="true">
      <P>Return the steps actually advanced.</P>
      </arg>
    </method>

    <method name="GetNextByte">
      <P>
        Pre:  The Content parameter points to either the Tokenizer instance's
        Content pointer, or its Lookahead pointer.
      </P>
      <P>
        Post: The byte pointed to by the token marker is returned.
        The value of the Content parameter has been advanced if possible.
        If not S_FALSE is returned.
      </P>
      <arg name="NextByte" type="BYTE*"/>
    </method>

    <method name="GetNextChar">
      <P>
        Like GetNextByte but operates on characters, i.e. _TCHAR.
      </P>
      <arg name="NextChar" type="_TCHAR*" direction="out"/>
    </method>

    <method name="SetNextByte">
      <P>
        Pre:  The Content parameter points to either the Tokenizer instance's
        Content pointer, or its Lookahead pointer.
      </P>
      <P>
        Post: The byte pointed to by the token marker is overwritten by the byteValue parameter.
        The value of the Content parameter has been advanced if possible.
        If not S_FALSE is returned.
      </P>
      <arg name="byteValue" type="BYTE"/>
    </method>

    <method name="NextToken">
      <P>
        Pre:  The Content parameter points to either the Tokenizer instance's
        Content pointer, or its Lookahead pointer.
        Delim is an array of bytes of length NumDelims.
      </P>
      <P>
        Post: The value of the Content parameter has been advanced until it
        got a value that exists in the Delim array. If no such value exists, then
        the Content parameter value has been advanced as far as was possible
        and S_FALSE returned.
      </P>
      ..<P>
        *Length is the number of bytes the Content parameter value was
        incremented by, counted over the byte stream. Don't compare the
        values of the Content parameter before and after because of
        the possibility of a buffer boundary being encountered.
      </P>
      <arg name="Delim" type="string"/>
      <arg name="NumDelims" type="UINT"/>
      <arg name="Length" type="UINT*"/>
    </method>    
    
    <method name="NextTokenSequence">
      <P>Like NextToken but instead of one of the delimiters sufficing,
      all of the delimiters must be present in a sequence. Content points to
      after the sequence upon success.</P>
      <arg name="Sequence" type="const _TCHAR *"/>
      <arg name="Length" type="UINT*" direction="out">
        <P>The length of the preceding data is returned here (i.e. NOT inclusive sequence)</P>
      </arg>
    </method>
    
    <method name="CopyTokenUtf8">
      <P>Pre:  Content points to the Tokenizer Content pointer, and Lookahead
      to the Tokenizer Lookahead pointer. 
      Buffer is large enough to accept all the bytes intervening between 
      Content and Lookahead in the stream.
      Post: All bytes between Content and Lookahead have been copied into 
      buffer.</P>
      <arg name="LookAhead" type="const PITOKENIZER"/>
      <arg name="Buffer" type="_TCHAR *"/>
    </method>
    
    <method name="CopyTokenAscii">
      <P>Pre:  Content points to the Tokenizer Content pointer, and Lookahead
      to the Tokenizer Lookahead pointer. 
      Buffer is large enough to accept all the bytes intervening between 
      Content and Lookahead in the stream.
      Post: All bytes between Content and Lookahead have been copied into 
      buffer.</P>
      <arg name="LookAhead" type="const PITOKENIZER"/>
      <arg name="Buffer" type="char *"/>
    </method>
    
    <method name="CopyTokenBinary">
      <P>Copy bytes using memcpy.
        Pre:  Content points to the Tokenizer Content pointer, and Lookahead
        to the Tokenizer Lookahead pointer.
        Buffer is large enough to accept all the bytes intervening between
        Content and Lookahead in the stream.
        Post: All bytes between Content and Lookahead have been copied into
        buffer.
      </P>
      <arg name="LookAhead" type="const PITOKENIZER"/>
      <arg name="Buffer" type="BYTE *"/>
    </method>

    <method name="WriteBytes">
      <P>
        Copy bytes to tokenizer buffers using memcpy.
        Pre:  Content points to a point in the buffer.
        Buffer is large enough to hold the Length bytes.
        Post: Length bytes starting from Content have been 
        overwritten with the data from the buffer
      </P>
      <arg name="Buffer" type="const BYTE *"/>
      <arg name="Length" type="UINT"/>
    </method>

    <method name="GetBytes">
      <P>
        Copy bytes from the tokenizer to a buffer
        Pre:  Content points to a point in the buffer.
        Buffer should be large enough to hold the Length bytes.
        Post: Length bytes starting from Content have been
        copied to the buffer. Tokenizer is advanced with Length bytes
      </P>
      <arg name="Buffer" type="BYTE *"/>
      <arg name="Length" type="UINT"/>
    </method>
    
    <method name="AllocateAndCopyNextToken">
      <P>Note: Utility method which uses NextToken and CopyToken to fill a
      buffer it allocates with the current heap, with a single token. The
      caller is responsible for deallocating this memory.</P>
      <P>If NextToken returns S_FALSE, the truncated token is copied but the 
      operation returns S_FALSE.</P>
      <arg name="LookAhead" type="PITOKENIZER"/>
      <arg name="Delim" type="string"/>
      <arg name="NumDelims" type="UINT"/>
      <arg name="Buffer" type="_TCHAR**"/>
      <arg name="Length" type="UINT*"/>
    </method>

    <method name="AllocateAndCopyNextTokenA">
      <P>Note: Utility method which uses NextToken and CopyToken to fill a
      buffer it allocates with the current heap, with a single token. The
      caller is responsible for deallocating this memory.</P>
      <P>If NextToken returns S_FALSE, the truncated token is copied but the 
      operation returns S_FALSE.</P>
      <arg name="LookAhead" type="PITOKENIZER"/>
      <arg name="Delim" type="string"/>
      <arg name="NumDelims" type="UINT"/>
      <arg name="Buffer" type="char**"/>
      <arg name="Length" type="UINT*"/>
    </method>

    <method name="CmpToken">
      <P>Pre:  Iterator either points to the Tokenizer instance Content or 
      Lookahead pointer. 
      External is a comparison buffer.
      Length is the number of bytes to compare. External *must* hold 
      at least this many bytes.</P>
      <P>Post: Analogous to strncmp, except jumps buffer boundaries 
      as needed. Returns S_OK in case of match, S_FALSE if no match, 
      or error. S_FALSE is returned when the content buffer holds 
      less data than the External parameter buffer.</P>
      <arg name="External" type="string"/>
      <arg name="Length" type="UINT"/>
      <arg name="Cmp" type="INT*"/>
    </method>

    <method name="CarveBuffer">
      <P>Return the data starting at Content as an
        <A HREF="IBuffer.htm">IBuffer</A> object. The data consequently
        disappears from the tokenizer (but the disappearance may be delayed
        arbitrarily so as to optimize copying). Content and LookAhead are updated
        to point past the slice.</P>      
      <arg name="Length" type="UINT">
        <P>How much to carve.</P>
      </arg>
      <arg name="Slice" type="PIBUFFER*" direction="out">
        <P>The carved out piece is returned here.</P>
      </arg>
    </method>
  
    <method name="SetContentLength">
      <P>Set maximum length for data to be parsed.</P>
        <arg name="Length" type="INT">
          <P>The new maximum length. INT_MAX means "until EOF".</P>
        </arg>
    </method>
  
    <method name="GetHeap" type="PIHEAP">
      <P>Get the heap the tokenizer uses. Use this heap to free any objects
         returned by the tokenizer.</P>
    </method>

    <method name="Asn1WriteValueLength">
      <P>
        Write ASN.1 length field to tokenizer following ASN.1 DER rules.
        Post: The tokenizer will be advanced past the written data
      </P>
      <arg name="uiLength" type="UINT">
        <P>length of data in bytes.</P>
      </arg>
      <arg name="bMove" type="BOOL">
        <P>Sometimes the length is not known beforehand, and a 5 byte placeholder is used instead
        With bMove set these extra bytes will be carved out.
        </P>
      </arg>
      <arg name="pbyNoOfBytes" type="BYTE*">
        <P>
          Will contain the number of bytes that encoding of the the length takes.
        </P>
      </arg>
    </method>

    <method name="Asn1WriteTagValue">
      <P>
        Write tag and value to tokenizer following ASN1 DER rules
        Post: The tokenizer will be advanced past the written data
      </P>
      <arg name="byTag" type="BYTE">
        <P>tag value</P>
      </arg>
      <arg name="byType" type="BYTE">
        <P> type of data </P>
      </arg>
      <arg name="pbyData" type="BYTE*">
        <P>pointer to data</P>
      </arg>
      <arg name="uiLength" type="UINT">
        <P>length of data in bytes</P>
      </arg>
      <arg name="puiBytesWritten" type="UINT*">
        <P>ret, number of bytes written to buffers</P>
      </arg>
    </method>
    
    <method name="Asn1WriteValue">
      <P>
        Write value to tokenizer following ASN1 DER rules
        Post: The tokenizer will be advanced past the written data
      </P>
      <arg name="byType" type="BYTE">
        <P> type of data </P>
      </arg>
      <arg name="pbyData" type="BYTE*">
        <P>pointer to data</P>
      </arg>
      <arg name="uiLength" type="UINT">
        <P>length of data in bytes</P>
      </arg>
      <arg name="puiBytesWritten" type="UINT*">
        <P>ret, number of bytes written to buffers</P>
      </arg>
    </method>

    <method name="Asn1GetValueLength">
      <P>
        Gets a length field following ASN1 DER rules
        Post: The tokenizer will be advanced past the parsed data
      </P>
      <arg name="uiLength" type="UINT*">
        <P>length of data in bytes</P>
      </arg>
    </method>

    <method name="Asn1GetValueLengthByType">
      <P>
        Gets a length field for a certain type following ASN1 DER rules
        Post: The tokenizer will be advanced past the parsed data
      </P>
      <arg name="byType" type="BYTE">
        <P>value has to be of this type</P>
      </arg>
      <arg name="uiLength" type="UINT*">
        <P>length of data in bytes</P>
      </arg>
    </method>

    <method name="GetIntValue">
      <P>
        Gets an INT from string value.
        Post: The tokenizer will be advanced past the parsed data
      </P>
      <arg name="value" type="INT*" direction="out">
        <P>returns value here</P>
      </arg>
    </method>

    <method name="Asn1GetUintValue">
      <P>
        Gets an ASN.1 UINT value following ASN1 DER rules
        Post: The tokenizer will be advanced past the parsed data
      </P>
      <arg name="value" type="UINT*">
        <P>returns value here</P>
      </arg>
      <arg name="len" type="UINT*">
        <P>returns length of the value here</P>
      </arg>
    </method>

    <method name="Asn1WriteUintValue">
      <P>
        Writes an ASN.1 Uint value following ASN1 DER rules
        Post: The tokenizer will be advanced past the written data
      </P>
      <arg name="byType" type="BYTE">
        <P>ASN.1 type of the value</P>
      </arg>
      <arg name="value" type="UINT">
        <P>value to write</P>
      </arg>
      <arg name="puiBytesWritten" type="UINT*">
        <P>number of bytes written</P>
      </arg>
    </method>

    <method name="Asn1GetKey">
      <P>
        Gets an encryption key using ASN.1 DER rules
        Post: The tokenizer will be advanced past the parsed data
      </P>
      <arg name="krbKey" type="CypherKey*">
        <P>parsed key</P>
      </arg>
    </method>
    
    <method name="Asn1WriteGenString">
      <P>
        Writes the list of names using the name type provided
        Post: The tokenizer will be advanced past the written data
      </P>
      <arg name="byTag" type="BYTE">
        <P>tag into which the data is packed</P>
      </arg>
      <arg name="pNameString" type="NameStringStruct*">
        <P>list of names</P>
      </arg>
      <arg name="puiDataLen" type="UINT*">
        <P>length of data written</P>
      </arg>
    </method>

    <method name="Asn1WriteTime">
      <P>
        Writes the time depending on options
        Post: The tokenizer will be advanced past the written data
      </P>
      <arg name="byTag" type="BYTE">
        <P>tag into which the data is packed</P>
      </arg>
      <arg name="byType" type="BYTE">
        <P>
          time type
          0   -   current time
          1   -   time till (current time incremented by 1 year)
        </P>
      </arg>
      <arg name="time" type="BYTE*">
        <P>String representation of time or NULL if current time is needed</P>
      </arg>
      <arg name="puiDataLen" type="UINT*">
        <P>length of data written</P>
      </arg>
    </method>
    
    <method name="XmlRead">
      <P>Parses for XML items within Content (This). Sets the other arguments
        to the namespace, entry, and value. The returned values (if any)
        will remain valid until the next call of ReadXml.

        Namespaces are returned before the
        element name and attributes so as to make name resoultion easier. For
        instance this XML fragment<B>
 &gt;a b="c" d="e" xmlns:f="g" h="i" xmlns:j="k"&lt;&gt;l:m&gt;n&lt;/l:m&gt;n&lt;/a&gt;</B> would turn into this event sequence <B>PUSH NS NS ELEMENT ATTR ATTR ATTR PUSH NS ELEMENT TEXT POP TEXT POP</B>.

        Pre: Initially Namespace should be equal to This (with SetIterator). During parsing the value of Helper should not be modified by the caller as it is used for internal state tracking.
        Post: The content will move past processed data after the tokenizer is called the next time. The content (this argument) will always point to before any
        returned values guaranteeing that they will stay live until the next call.
      </P>
      <notes>The XML parsing state is reset to empty when the number of POPs
        match the number of PUSH operations, when the tokenizer is created,
        or by calling (posiible addition) Reset method.
      </notes>
      <arg name="pItemType" type="XML_PARSING_EVENT*" direction="out">
        <P>What kind of XML item was parsed.</P>
      </arg>
      <arg name="Namespace" type="PITOKENIZER" direction="inout">
        <P>The namespace prefix is returned here e.g 'foo' in
          foo:bar or 'xmlns' in xmlns:a="b".
          This value is returned when type is one of START_E, EMPTY_E, S_INSTR, ATTR, NS.</P>
      </arg>
      <arg name="Name" type="PITOKENIZER" direction="inout">
        <P>The item name is returned here e.g 'bar' in foo:bar or 'a' in
          xmlns:a="b".
          This value is returned when type is one of START_E, EMPTY_E, S_INSTR, ATTR, NS.</P>
      </arg>
      <arg name="Value" type="PITOKENIZER" direction="inout">
        <P>The item value is returned here, e.g. baz in &lt;foo:bar&gt;baz&lt;/ 'b' in xmlns:a='b'.
          This value is returned when type is one of ATTR, TEXT, CDATA, BDATA.</P>
      </arg>

      <arg name="Helper" type="PITOKENIZER" direction="inout">
        <P>Extra token marker for keeping track of internal parsing state,
          such as the beginning of the unparsed buffer following the other
          returned values.</P>
      </arg>

      <return-value value="E_PARSE_ERROR">
        <P>The content is not valid XML consistent with the current parsing state. </P>
      </return-value>
      <return-value value="E_WOULD_BLOCK">
        <P>The content ran out with the currently available data. The call can
          be retried when more data has been added to the tokenizer. </P>
      </return-value>

    </method>

  </interface>

  <interface name="IBufWin" type="PIBUFWIN" extends="IBuffer"
             iid="a6a11a54-ac09-42b3-a3b3-ffa016a01a03" mygroup="Soap">

    <P>Machinery for running multiple operations on a buffer
     chain simultaneously.</P>

    <method name="SubscribeTo">
      <P>Define one filter to be a follower of another.</P>
      <arg name="Target" type="PIBUFWIN">
        <P>The follower.</P>
      </arg>
      <arg name="Slot" type="INT">
        <P>How to map success code of previous filter to follower.
         -1 is a wildcard and a copy will be made (if NeedsCopy is TRUE).</P>
      </arg>
      <arg name="NeedsCopy" type="BOOL">
        <P>If the follower or any of its ancestors modify the buffer chain
        then NeedsCopy should be set to TRUE. This includes pullups
        (MakeContiguous) etc as well.</P>
      </arg>
    </method>

    <method name="SubscriptionFrom">
      <P>Notice that subscription from subscriber has started or ended.</P>
      <arg name="From" type="PIBUFWIN">
        <P>The predecessor.</P>
      </arg>
      <arg name="Ended" type="BOOL">
        <P>FALSE=start; TRUE=end.</P>
      </arg>
    </method>

    <method name="DispatchTo">
      <P>Dispatch some data to the follower that has subscribed to the slot.
      </P>
      <arg name="Buffer" type="PIBUFFER">
        <P>The data to be delivered.</P>
      </arg>
      <arg name="Slot" type="INT">
        <P>How to map success code of previous filter to follower.
         -1 is a wildcard and a copy will be made (if NeedsCopy is TRUE).</P>
      </arg>
    </method>

    <method name="Process">
      <P>Try to make something happen.
      </P>
    </method>

    <method name="ThreadLoop" type="void" >
      <P>The thread loop that waits on the device condition variable and calls
      the <A HREF="#">HandleInterrupt</A> method once there is something to 
      do. The default implementation handles time constraints and timeouts.</P>
      <notes>This function is called as a thread entry point <A HREF="IProcess.htm#THREAD_FUNCTION">THREAD_FUNCTION</A>.</notes>
    </method>

    <method name="Start">
      <P>Get going!
      </P>
    </method>

  </interface>

</mmlite-spec>
