<?xml version='1.0'?>
<!-- Copyright (c) Microsoft Corporation. All rights reserved. -->

<!-- Included from spec.xml -->

<mmlite-spec xmlns="x-schema:spec-schema.xml">

<!-- The HCI chip -->

  <interface name="IUsbMasterController" type="PIUSBMASTERCONTROLLER" extends="IUnknown"
             iid="415b72ad-b089-4b9d-682f-828a0eefec36" mygroup="Usb">

    <P>Interface for USB Host Controller Interface chips (UHCI et al.).</P>

    <struct name="USBM_REQUEST_BLOCK" doptype="true">
      <P>Describes a USB request being sent to an HCI or a HUB.</P>
      <see-also HREF="#">SubmitUrb</see-also>
      <see-also HREF="#">CancelUrb</see-also>
      <field name="HciReserved" type="PBYTE">
        <P>Pointer space, reserved for internal HCI use, like linking.</P>
      </field>
      <field name="HciReserved2" type="PBYTE">
        <P>Pointer space, reserved for other internal HCI uses.</P>
      </field>
      <field name="Done" type="PCONDITION">
        <P>Pointer to a condition variable to be signalled on completion.</P>
        <P>This field is required, it cannot be NULL.</P>
        <P>Wait here for completion of this request.</P>
      </field>
      <field name="DeviceAddress" type="UINT8">
        <P>USB address of the device where this request goes.</P>
      </field>
      <field name="EndpointAddress" type="UINT8">
        <P>USB address of the device's endpoint where this request goes.</P>
      </field>
      <field name="HubDeviceAddress" type="UINT8">
        <P>USB address of the HUB where the device is attached.</P>
        <P>This field is filled in by the USB stack.</P>
      </field>
      <field name="HubPortNumber" type="UINT8">
        <P>HUB port number where the device is attached.</P>
        <P>This field is filled in by the USB stack.</P>
      </field>
      <field name="Flags" type="USBM_URB_FLAGS">
        <P>Properties and status of the transaction.</P>
      </field>
      <field name="Interval" type="UINT8">
        <P>The desired polling frequency, in milliseconds, for INTERRUPT transactions.</P>
        <P>The value 255 indicates an HCI-specific maximum polling frequency.</P>
      </field>
      <field name="Pid" type="UINT8">
        <P>USB PID field for request, USB_PID_SETUP, USB_PID_IN, etc.</P>
        <P>Special handling for USB_PID_EVENT values.</P>
      </field>
      <field name="SetupData" type="UINT8" array="8">
        <P>Data to be transferred during the setup phase, if required.</P>
      </field>
      <field name="SetupLength" type="UINT8">
        <P>Length of SetupData, or zero.</P>
      </field>
      <field name="FinalStatus" type="USBM_URB_STATUS">
        <P>HCI specific final status value.</P>
        <P>Zero means no error, URB_STATUS_STALL indicates a STALL condition.</P>
      </field>
      <field name="MaximumPacketSize" type="UINT16">
        <P>Maximum USB packet size fot the destination endpoint.</P>
      </field>
      <field name="ExpectedDataLength" type="UINT16">
        <P>Amount of data expected out of the request, and/or size of the buffer
        pointed to by the Data field.</P>
      </field>
      <field name="ActualDataLength" type="UINT16">
        <P>Length of the data buffer at completion, not to exceed 
        ExpectedDataLength. 
        Amount of data actually transferred to the device on an OUT transaction.</P>
      </field>
      <field name="Data" type="PUINT8">
        <P>Pointer to the in/out data buffer.</P>
      </field>
    </struct>

    <constant name="USBM_URB_FLAGS" type="UINT16" prefix="URB_FLAG_" base="0">
      <P>Values for the Flags field of a USBM_REQUEST_BLOCK, indicative of the type of USB transaction.
       Values are logically ORed together as appropriate.
      </P>
      <constant-value name="OUT"       ordinal="0x0001">
        <P>A USB OUT transaction.</P>
      </constant-value>
      <constant-value name="IN"       ordinal=" 0x0002">
        <P>A USB IN transaction.</P>
      </constant-value>
      <constant-value name="ISOCHRONOUS"       ordinal="0x0004">
        <P>The transaction is isochronous.</P>
      </constant-value>
      <constant-value name="CONTROL"       ordinal="0x0008">
        <P>The transaction is directed to the CONTROL endpoint.</P>
      </constant-value>
      <constant-value name="INTERRUPT"       ordinal="0x0010">
        <P>The transaction is to an interrupt endpoint.</P>
      </constant-value>
      <constant-value name="LOW_SPEED"       ordinal="0x0020">
        <P>The transaction is to a low-speed device.</P>
      </constant-value>
      <constant-value name="HIGH_SPEED"       ordinal="0x0040">
        <P>The transaction is to a high-speed USB2 device.</P>
      </constant-value>
      <constant-value name="PENDING"       ordinal=" 0x0000">
        <P>The transaction is being processed.</P>
      </constant-value>
      <constant-value name="COMPLETE"       ordinal=" 0x4000">
        <P>The transaction has been completed.</P>
      </constant-value>
      <constant-value name="ERROR"       ordinal="0x8000">
        <P>The transaction completed in error.</P>
      </constant-value>
      <constant-value name="STATUS"       ordinal="0xc000">
        <P>Mask for completion status field.</P>
      </constant-value>
    </constant>

    <constant name="USBM_URB_STATUS" type="UINT8" prefix="URB_STATUS_" base="0">
      <P>Values for the FinalStatus field of a USBM_REQUEST_BLOCK, indicative of
       the type of error, if any, encountered by the USB transaction.
      </P>
      <constant-value name="OK"       ordinal="0x00">
        <P>No error.</P>
      </constant-value>
      <constant-value name="STALL"       ordinal="0x04">
        <P>The device negatively answered with a STALL condition.</P>
      </constant-value>
    </constant>

    <constant name="USBM_EVENT" type="UINT8" prefix="USBM_EVENT_" base="0">
      <P>Values for the first data byte in an EVENT packet, meaningful both
      on input and output from a SubmitUrb request.  
      On input it can indicate an inquiry for status change,
      a special request for allocation of a USB address to be used by a HUB,
      a request to retire a USB address as the final step in a disconnection sequence,
      a request from a HUB to acquire the configuraiton lock that enables address 0,0 on the bus,
      or a request from a HUB to release the configuration lock.
      On output from a poll operation it indicates the change that took place.
      Completion, with or without errors, is indicated via the Flags field.
      </P>
      <constant-value name="STATUS_WAIT"       ordinal="0">
        <P>Valid only as input, wait until a status change takes place.
        Enough room should be provided in the Data field for the additional
        information bitmaps returned in a connect or disconnect event.
        The Done field cannot be NULL.
        The returned value is either USBM_EVENT_STATUS_CONNECTING or 
        USBM_EVENT_DISCONNECTING.</P>
      </constant-value>
      <constant-value name="ADDRESS_ALLOCATION"       ordinal="1">
        <P>Valid only as input, request to the underlying Root HUB driver to
        allocate a USB address for a device attached to a non-root HUB.
        The USB address for the device is returned in the Data field.
        The address must eventually be released with a USBM_EVENT_DISCONNECTED
        request.</P>
      </constant-value>
      <constant-value name="DISCONNECTED"       ordinal="2">
        <P>Valid only as input, indicates to the host controller that the device
        has been fully disconnected. 
        The USB address of the device is indicated in the Data field.
        The host controller uses this request for cleanup purposes and
        the Root HUB to recycle the USB address.</P>
      </constant-value>
      <constant-value name="CONNECTED"       ordinal="3">
        <P>Valid only as input, indicates that a device has completed the
        connection sequence and is now fully operational.
        The USB address of the device is indicated in the Data field.
        Most host controllers can safely ignore this notification.
        </P>
      </constant-value>
      <constant-value name="TAKE_CONFIGURATION_LOCK"       ordinal="4">
        <P>Valid only as input, indicates that a HUB has recognized a new
        device on the USB bus and requests exclusive use of the USB configuration
        address 0,0.
        Only a root HUB should handle this request.
        It is acceptable to block the caller on a simple MUTEX.
        </P>
      </constant-value>
      <constant-value name="DROP_CONFIGURATION_LOCK"       ordinal="5">
        <P>Valid only as input, indicates that a HUB has completed the
        configuration of a new device and releases exclusive use of the
        USB configuration address 0,0.
        Only a root HUB should handle this request.
        </P>
      </constant-value>
      <constant-value name="CONNECTING"       ordinal="8">
        <P>Output value. A device has been connected on the port being indicated,
        it has been reset and is ready to be configured, the configuration lock
        is being held and the device should respond to the USB address 0,0.
        The Data field further contains the index of the port, starting at zero,
        and a USBM_URB_FLAGS value indicating the speed of the device.
        </P>
      </constant-value>
      <constant-value name="DISCONNECTING"       ordinal="9">
        <P>Output value. A device has been disconnected from the port indicated.
        The Data field further contains the index of the port, starting at zero.
        </P>
      </constant-value>
    </constant>

    <method name="SubmitUrb">
      <P>Submit a USB Request Block to an HCI or a HUB.</P>
      <discussion>
        <P>Post an URB, wait for completion on Done condition variable.
        Addressing might be setup by HUB.
        See also:</P>
      <see-also HREF="#">USBM_PID_TYPE</see-also>
      <see-also HREF="#">USBM_REQUEST_BLOCK</see-also>
      </discussion>
      <arg name="Urb" type="PUSBM_REQUEST_BLOCK"
           direction="inout" optional="false">
        <P>The request to be submitted.</P>
      </arg>
      <arg name="PortNumber" type="UINT8" >
        <P>The HUB or HCI port number.</P>
      </arg>
      <return-value value="E_OBJECT_NOT_FOUND">
        <P>No such port number.</P>
      </return-value>
      <return-value value="E_INVALID_PARAMETER">
        <P>Something is wrong with the arguments.</P>
      </return-value>
    </method>

    <method name="CancelUrb">
      <P>Cancel a USB Request Block previously posted to an HCI or a HUB.</P>
      <discussion>
        <P>TBD.</P>
      </discussion>
      <arg name="Urb" type="PUSBM_REQUEST_BLOCK"
           direction="in" optional="false">
        <P>The request to be cancelled.</P>
      </arg>
      <arg name="PortNumber" type="UINT8" >
        <P>The HUB or HCI port number where it was posted.</P>
      </arg>
      <return-value value="E_OBJECT_NOT_FOUND">
        <P>No such request or port number.</P>
      </return-value>
      <return-value value="E_INVALID_PARAMETER">
        <P>Something is wrong with the arguments.</P>
      </return-value>
    </method>

  </interface>

<!-- The HUBs -->

  <interface name="IUsbHub" type="PIUSBHUB" extends="IUsbMasterController"
             iid="415b72ad-b089-4b9d-682f-828a0eefec35" mygroup="Usb">

    <P>Interface for USB HUBs.  NOTE: derives from IUsbMasterController </P>

    <method name="QueryPorts">
      <P>Find how many outlets the HUB supports.</P>
      <discussion>
        <P>The number and type of output ports is returned. </P>
      </discussion>
      <arg name="nPorts" type="UINT *" direction="out">
        <P>Number of ports.</P>
      </arg>
    </method>

  </interface>

<!-- The peripherals -->

  <interface name="IUsbDriver" type="PIUSBDRIVER" extends="IUnknown"
             iid="415b72ad-b089-4b9d-682f-828a0eefec34" mygroup="Usb">

    <P>Master-side, USB peripheral implementation interface (for use by HUBs).</P>

    <method name="IamYourHub">
      <P>Notify the driver of its attachment point. Make driver operational.</P>
      <discussion>
        <P>Driver needs to know who started it.
       </P>
      </discussion>
      <arg name="Hub" type="PIUSBHUB"
           direction="in" optional="false">
        <P>Pass here the interface where to submit requests. </P>
        <P>Present the same interface when terminating the driver.</P>
      </arg>
      <arg name="PortNumber" type="UINT" direction="in" optional="false">
        <P>Port number on the HUB where the driver is attached.</P>
      </arg>
      <return-value value="E_ALREADY_EXISTS">
        <P>Someone else already took control of the driver.</P>
      </return-value>
      <return-value value="E_INVALID_PARAMETER">
        <P>NULL argument or wrong interface type.</P>
      </return-value>
    </method>

    <method name="YouAreTerminated">
      <P>The peripheral's USB cable was disconnected or powered off.</P>
      <discussion>
        <P>The driver should go away and cleanup after itself.
       </P>
      </discussion>
      <arg name="SaysWho" type="PIUSBHUB"
           direction="in" optional="true">
        <P>This could be the original HUB or someone else. </P>
      </arg>
      <return-value value="E_INVALID_PARAMETER">
        <P>NULL argument or wrong interface type.</P>
      </return-value>
    </method>

    <method name="GetUsbAddress">
      <P>Returns the USB address of the device.</P>
      <discussion>
        <P>Note that USB addresses are per-bus, they are not system-unique.
       </P>
      </discussion>
      <arg name="UsbAddress" type="PUINT"
           direction="out" optional="false">
        <P>Pointer to the returned USB address value.
           The distiguished integer value 0 (zero) should not be returned, 
           if the device has not been assigned an address yet it should 
           indicate this with an error return.
        </P>
      </arg>
      <arg name="PortNumber" type="PUINT"
           direction="out" optional="false">
        <P>Pointer to the returned HUB port number value.
           This value is needed to submit correctly addressed requests to the HUB.
        </P>
      </arg>
      <return-value value="E_INVALID_PARAMETER">
        <P>NULL argument.</P>
      </return-value>
      <return-value value="E_OBJECT_NOT_INITIALIZED">
        <P>The device is still being configured, or is disappearing.</P>
      </return-value>
    </method>

  </interface>



</mmlite-spec>

