<?xml version='1.0'?>
<!-- Copyright (c) Microsoft Corporation. All rights reserved. -->

<!-- Included from spec.xml -->

<mmlite-spec xmlns="x-schema:spec-schema.xml">

  <interface-group name="Usb">
    <P>Interfaces for handling USB peripherals and drivers.</P>
    <discussion>
      <P>USB peripherals are implemented in two parts. The IUsbSlaveController handles the actual chip, the IUsbSlaveDriver realizes the desired peripheral.
      </P>
      <P>USB drivers are implemented in multiple parts, at least three parts.
      The IUsbMasterController handles the actual chip, the Host Controller Interface (HCI) described in the USB specs.
      The IUsbHub handles USB switches (HUBs) including the root HUB.
      The IUsbDriver realizes the peripheral driver and top level interface.
      Sometimes other generic drivers are used on top of the IUsbDriver.
      Notice that a USB HUB is also a peripheral and must implement the IUsbDriver interface.
      </P>
      <P>See <A HREF="doc/USB Stack.doc">USB Stack.doc</A> for more
      information.
      </P>
    </discussion>
  </interface-group>

<!-- The peripherals -->

  <interface name="IUsbSlaveDriver" type="PIUSBSLAVEDRIVER" extends="IUnknown"
             iid="415b72ad-b089-4b9d-682f-882ae0ecce35">

    <P>Slave-side, USB peripheral implementation interface.</P>

    <constant name="USBD_DESCRIPTOR_TYPE" type="UINT" prefix="USBD_DESCRIPTOR_" base="0">
      <P>Selector for <I>DescriptorType</I> arguments in <B>IUsbSlaveDriver</B>
      methods.</P>
      <constant-value name="DEVICE"        ordinal="1">
        <P>A device descriptor, type is USB_DEVICE_DESCRIPTOR.</P>
      </constant-value>
      <constant-value name="CONFIGURATION" ordinal="2">
        <P>A configuration descriptor, type is USB_CONFIGURATION_DESCRIPTOR.</P>
      </constant-value>
      <constant-value name="STRING"        ordinal="3">
        <P>A string descriptor, type is USB_STRING_DESCRIPTOR.</P>
      </constant-value>
      <constant-value name="INTERFACE"     ordinal="4">
        <P>An interface descriptor, type is USB_INTERFACE_DESCRIPTOR.</P>
      </constant-value>
      <constant-value name="ENDPOINT"      ordinal="5">
        <P>An endpoint descriptor, type is USB_ENDPOINT_DESCRIPTOR.</P>
      </constant-value>
      <constant-value name="DEVICE_QUALIFIER" ordinal="6">
        <P>A device qualifier descriptor, type is USB_DEVICE_QUALIFIER.</P>
      </constant-value>
      <constant-value name="HID"           ordinal="0x21">
        <P>A Human Interface Device (HID) descriptor, type is USB_HID_DESCRIPTOR.</P>
      </constant-value>
      <constant-value name="REPORT"        ordinal="0x22">
        <P>A HID report descriptor, type is a byte array.</P>
      </constant-value>
      <constant-value name="PHYSICAL"      ordinal="0x23">
        <P>A physical descriptor, type is to-be-defined.</P>
      </constant-value>
    </constant>

    <method name="GetDescriptor">
      <P>Returns one of various descriptors of the USB device.</P>
      <discussion>
        <P>A pointer to the desired descriptor is returned, not a copy.
       </P>
      </discussion>
      <arg name="DescriptorType" type="USBD_DESCRIPTOR_TYPE">
        <P>A constant indicating the desired descriptor type.
        </P>
      </arg>
      <arg name="Index" type="UINT">
        <P>The index of the desired descriptor.
        </P>
      </arg>
      <arg name="ppDescriptor" type="BYTE **" direction="out" >
        <P>Memory where to produce a pointer to the resulting descriptor.</P>
      </arg>
      <arg name="pSize" type="UINT *" direction="out" >
        <P>Memory where to produce size of the resulting descriptor.</P>
      </arg>
      <return-value value="E_OBJECT_NOT_FOUND">
        <P>No such descriptor.</P>
      </return-value>
      <return-value value="E_INVALID_PARAMETER">
        <P>The combination of in/out values was unacceptable.</P>
      </return-value>
    </method>

    <method name="SetDescriptor">
      <P>Replace one of the USB device's descriptors.</P>
      <discussion>
        <P>Part of the standard, no known actual use. </P>
        <P>A copy should be made of the descriptor, if necessary. </P>
      </discussion>
      <arg name="DescriptorType" type="USBD_DESCRIPTOR_TYPE">
        <P>A constant indicating the desired descriptor type.
        </P>
      </arg>
      <arg name="Index" type="UINT">
        <P>The index of the desired descriptor.
        </P>
      </arg>
      <arg name="Descriptor" type="const BYTE *">
        <P>The new descriptor.</P>
      </arg>
      <arg name="Size" type="UINT">
        <P>Size of the new descriptor, in bytes.</P>
      </arg>
      <return-value value="E_OBJECT_NOT_FOUND">
        <P>No such descriptor.</P>
      </return-value>
      <return-value value="E_INVALID_PARAMETER">
        <P>The descriptor was not acceptable to the peripheral.</P>
      </return-value>
    </method>

    <method name="HandleRequest">
      <P>Class-level request handler.</P>
      <discussion>
        <P>The slave controller invokes this method on all requests it does not know how to handle.</P>
        <P>This method can return one of four answers.</P>
        <P>If all necessary information was provided the peripheral handles the request and returns S_OK.</P>
        <P>If the request is unknown or invalid an error is returned.</P>
        <P>If the request needs an OUT data phase (such as with SET_REPORT 
        for instance) the peripheral returns S_BUFFER_TOO_SMALL and a buffer
        (pointer+size) where to return the additional data.
        The controller will then complete the data OUT phase and later come back
        with the same request, this time with a non-null pointer to the buffer
        that contains the additional data.
        The peripheral can now handle the request and return S_OK or 
        some error code, or ask for even more data.</P>
        <P>If the request needs an IN data phase (such as with GET_REPORT)
        the peripheral returns S_MUST_REPLY and a data buffer (pointer+size)
        that will be sent to the host. No further action is required of
        the peripheral, the controller will handle any data fragmentation.
        In other words, the full buffer must be returned at once.
        </P>
        <P>Say the host is sending a SET_REPORT request to a keyboard, 
        requiring one byte of additional OUT data (the output report itself).
        This method will be first invoked when the 8 bytes of the SETUP packet
        are received (in the Request parameter) but before data is transferred.
        The returned value should be a pointer to a one-byte buffer, the value 1,
        and S_BUFFER_TOO_SMALL.
        The controller then transfers the report byte and repeats the request.
        This time the peripheral returns S_OK.</P>
        <P>Most requests do not involve any additional data.</P>
      </discussion>
      <arg name="RequestPacket" type="const PUSB_REQUEST_struct" >
        <P>The request that was received from the host during the SETUP phase.</P>
        <P>Check both fields <I>RequestType</I> and <I>Request</I>.</P>
      </arg>
      <arg name="ppRequestData" type="BYTE **"
           direction="inout" optional="false">
        <P>Memory address of a data buffer that is additional input/output for the operation.</P>
        <P>If NULL then no additional input data is available.</P>
        <P>If non-NULL then more input data is available, in the amount indicated by <I>pSize</I>.</P>
        <P>When returning S_BUFFER_TOO_SMALL or S_MUST_REPLY this should be set
        to a valid (not NULL) pointer to a data buffer.
        The <I>pSize</I> value should also be set to indicate the size
        of the data buffer.</P>
      </arg>
      <arg name="pSize" type="UINT *" direction="inout" optional="false">
        <P>Size of the data buffer, in bytes. If zero there is no buffer.</P>
        <P>If a buffer is returned, indicate here the size of it.</P>
      </arg>
      <return-value value="S_BUFFER_TOO_SMALL">
        <P>The peripheral can handle the request but needs additional data,
        to be provided by the controller in the returned buffer.</P>
      </return-value>
      <return-value value="S_MUST_REPLY">
        <P>The peripheral handled the request and has generated the reply
        data in the returned buffer. 
        The controller should forward the data to the host.</P>
      </return-value>
      <return-value value="E_NOT_IMPLEMENTED">
        <P>The peripheral does not handle the request.</P>
      </return-value>
      <return-value value="E_INVALID_PARAMETER">
        <P>Something is wrong with the arguments.</P>
      </return-value>
    </method>

  </interface>

<!-- The chip -->

  <interface name="IUsbSlaveController" type="PIUSBSLAVECONTROLLER" extends="IUnknown"
             iid="415b72ad-b089-4b9d-682f-882ae0ecce34">

    <P>Slave-side, USB device controller driver interface.</P>

    <struct name="USBD_ENDPOINT_PROPERTIES" doptype="true">
      <P>Describes the properties of a USB endpoint.</P>
      <see-also HREF="#">QueryEndpointProperties</see-also>
      <field name="MaximumPacketSize" type="UINT16">
        <P>In bytes, per transfer.</P>
      </field>
      <field name="PhysicalIndex" type="UINT16">
        <P>Index to be used in the USB endpoint descriptor.</P>
      </field>
      <field name="IsIsochronous" type="BOOL">
        <P>True if isochronous transfers are possible on this endpoint.</P>
      </field>
    </struct>

    <constant name="USBD_ENDPOINT_TYPE" type="UINT" prefix="USBD_ENDPOINT_" base="0">
      <P>Types of USB endpoints.</P>
      <constant-value name="CONTROL"        ordinal="0">
        <P>There must be at least one control endpoint per USB device.</P>
      </constant-value>
      <constant-value name="INPUT"      ordinal="1">
        <P>Input endpoint.
           Usable for interrupt, IN and isochronous IN data transfers.</P>
        <P>Input means from the peripheral to the host.</P>
      </constant-value>
      <constant-value name="OUPUT" ordinal="2">
        <P>Output endpoint.
           Usable for interrupt, OUT and isochronous OUT data transfers.</P>
        <P>Output means from the host to the peripheral.</P>
      </constant-value>
    </constant>

    <method name="TakeOwnership">
      <P>Ask for exclusive use of the controller.</P>
      <discussion>
        <P>Only one peripheral can be attached to a USB slave controller. 
           This method indicates to the controller who that peripheral is.
           The controller will ignore all requests until this method is invoked,
           as it is only the peripheral that contains descriptors and class behaviors.
           The controller will direct requests to its rightful owner.
       </P>
      </discussion>
      <arg name="Owner" type="PIUSBSLAVEDRIVER"
           direction="in" optional="false">
        <P>Pass here the interface to which the controller will ask for descriptors and for the handling of all requests. </P>
      <P>Present the same interface when releasing the controller.</P>
      </arg>
      <return-value value="E_ALREADY_EXISTS">
        <P>Someone else already took control of the controller(sic).</P>
      </return-value>
      <return-value value="E_INVALID_PARAMETER">
        <P>NULL argument or wrong interface type.</P>
      </return-value>
    </method>

    <method name="ReleaseOwnership">
      <P>Relinquish exclusive use of the controller.</P>
      <discussion>
        <P>Only one peripheral can be attached to a USB slave controller. 
        After this method is successfully invoked the controller will refuse
        to answer to the host and will disable the chip (if possible).
        Note that it is physically impossible for a USB slave to generate a bus reset,
        so do not expect this method to do any such thing.
       </P>
      </discussion>
      <arg name="Owner" type="PIUSBSLAVEDRIVER"
           direction="in" optional="false">
        <P>Pass here rightful the owner's interface, or else. </P>
      </arg>
      <return-value value="E_ALREADY_EXISTS">
        <P>Noone is controlling the controller(sic).</P>
      </return-value>
      <return-value value="E_INVALID_PARAMETER">
        <P>NULL argument or wrong interface type.</P>
      </return-value>
    </method>

    <method name="QueryEndpoints">
      <P>Find how many endpoints the controller supports.</P>
      <discussion>
        <P>The number and type of endpoints is returned. </P>
        <P>Use <I>QueryEndpointProperties</I> to find out more about any given endpoint. </P>
      </discussion>
      <arg name="nControl" type="UINT *" direction="out">
        <P>Number of control endpoints.</P>
      </arg>
      <arg name="nInput" type="UINT *" direction="out">
        <P>Number of input endpoints.</P>
      </arg>
      <arg name="nOutput" type="UINT *" direction="out">
        <P>Number of output endpoints.</P>
      </arg>
    </method>

    <method name="QueryEndpointProperties">
      <P>Find out more about a given endpoint.</P>
      <discussion>
        <P>Select the type and index of the desired endpoint and find out the maximum transfer size and other information. See also:</P>
      <see-also HREF="#">USBD_ENDPOINT_TYPE</see-also>
      <see-also HREF="#">USBD_ENDPOINT_PROPERTIES</see-also>
      </discussion>
      <arg name="EndpointType" type="USBD_ENDPOINT_TYPE" >
        <P>Whether the desired endpoint is a CONTROL, INPUT or OUTPUT.</P>
      </arg>
      <arg name="EndpointIndex" type="UINT" >
        <P>Logical endpoint index, starting at zero.</P>
      </arg>
      <arg name="Properties" type="PUSBD_ENDPOINT_PROPERTIES"
           direction="out" optional="false">
        <P>Various attributes of the endpoint.</P>
      </arg>
      <return-value value="E_OBJECT_NOT_FOUND">
        <P>No such endpoint.</P>
      </return-value>
      <return-value value="E_INVALID_PARAMETER">
        <P>Something is wrong with the arguments.</P>
      </return-value>
    </method>

  </interface>

</mmlite-spec>

