<?xml version='1.0'?>
<!-- Copyright (c) Microsoft Corporation. All rights reserved. -->

<!-- Included from spec.xml -->

<mmlite-spec xmlns="x-schema:spec-schema.xml">

  <interface-group name="Utility">
    <P>Reusable interfaces for implementing various components.</P>
    <discussion>
      <P>The Utility interfaces implement general purpose functionality
      that are not necessarily central to the system
      but can be useful for more than one component.</P>
    </discussion>
  </interface-group>

  <interface name="ICRuntime" type="PICRUNTIME" extends="IUnknown"
             iid="6d4fe2f4-dc5f-4a9c-9a17-86da697b438a">
    <P>C runtime functions (pseudo-interface).</P>
    <discussion>
      <P>ICRuntime is really not an interface at all but is simply used
      as a placeholder for documenting and declaring various runtime
      functions.</P>
      <P>The functions are non-virtual and do not take a <I>this</I> pointer.
      </P>
    </discussion>

    <method name="BindToObject" type="SCODE" virtual="false">
       <P>Convenience function that does a
       <A HREF="INameSpace.htm#Bind">Bind</A> and a
       <A HREF="IUnknown.htm#QueryInterface">QueryInterface</A>.</P>
       <arg name="pINameSpace" type="PINAMESPACE">
         <P>Where to look for the name.</P>
       </arg>
       <arg name="FileName" type="const _TCHAR *">
         <P>The name to look for.</P>
       </arg>
       <arg name="Flags" type="NAME_SPACE_FLAGS">
         <P>Flags for Bind.</P>
       </arg>
       <arg name="Iid" type="REFIID">
         <P>What to QueryInterface for.</P>
       </arg>
       <arg name="ppObject" type="void **" direction="out">
         <P>The object is returned here.</P>
       </arg>
    </method>

    <method name="ParseCmdLine" type="SCODE" virtual="false">
       <P>Function that splits the current command line into an argv array.</P>
       <arg name="pArgc" type="INT *" direction="out">
         <P>The number of entries in pArgv is returned here.</P>
       </arg>
       <arg name="pArgv" type="_TCHAR***" direction="out">
         <P>The processed Argv. Needs to be deleted with FreeCmdLine.</P>
       </arg>
    </method>

    <method name="FreeCmdLine" type="void" virtual="false">
       <P>Complement to ParseCmdLine. Release the memory allocated to
       store the command line.</P>
       <arg name="pArgc" type="INT *" optional="true">
         <P>Whatever ParseCmdLine returned.</P>
       </arg>
       <arg name="pArgv" type="_TCHAR***" optional="true">
         <P>Whatever ParseCmdLine returned.</P>
       </arg>
    </method>

    <method name="ReadWriteFile" type="SCODE" virtual="false">
      <P>Utility function that reads or writes IFile and loops for enough data.</P>
      <discussion>
        <P>IFile servers are free to return less data than requested.
    This function rereads until enough data is received, EOF, or error.</P>
      </discussion>
      <arg name="File" type="PIFILE">
        <P>The file to read from.</P>
      </arg>
      <arg name="WriteIt" type="BOOL">
        <P>TRUE for write, FALSE for read.</P>
      </arg>
      <arg name="Position" type="UINT64">
        <P>File offset where to read.</P>
      </arg>
      <arg name="pBuffer" type="BYTE *" direction="in" >
        <P>Memory where to send/receive data.
          This is "in" or "out" depending on WriteIt.</P>
      </arg>
      <arg name="Size" type="UINT">
        <P>Size of request.</P>
      </arg>
      <arg name="pSizeActual" type="UINT *" direction="out" optional="true">
        <P>Size of data that was actually read/written is returned here.</P>
      </arg>
      <return-value value="S_FALSE">
        <P>This was the last chunk of the file.</P>
      </return-value>
      <return-value value="E_INVALID_PARAMETER">
        <P>Position points past end of file.</P>
      </return-value>
      <return-value value="E_NOT_IMPLEMENTED">
        <P>Filesystem does not implement reading.  The object is e.g. a device
        that does not implement the Read method.</P>
      </return-value>
      <see-also HREF="IFile.htm#ReadAt">IFile.ReadAt</see-also>
    </method>

    <method  name="ParseIid" type="SCODE" virtual="false">
      <P>Parse an IID from standard (e.g. XML) representation.</P>
      <discussion><P>A new IID can be generated with uuidgen.exe.
      Here is an example of how the ouput looks like:
      a5b83b13-969b-4c2e-b065-64887052a65e</P>
      </discussion>
      <return-value value="E_INVALID_PARAMETER">
        <P>The string was not recognized as a standard format IID.</P>
      </return-value>
      <arg type="string" name="Str">
        <P>The string to be parsed.</P>
      </arg>
      <arg type="PIID" name="iid" direction="out">
        <P>The parsed iid is put here.</P>
      </arg>
    </method>
    <method name="FormatIid" type="void" virtual="false">
      <P>Print an IID into standard (e.g. XML) representation.</P>
      <notes>String must be at least 37 bytes long.</notes>
      <arg type="string" name="Str" direction="out">
        <P>The stringified IID is put here.</P>
      </arg>
      <arg type="PIID" name="iid">
        <P>The bits are read from here.</P>
      </arg>
    </method>

  </interface>

  <interface name="IMacros" type="PIMACROS" 
             iid="6d4fe2f4-d5cf-4a9c-9a17-68da967b438a"
             documentation-only="true" >
    <P>Various macros and portability aids (pseudo-interface).</P>
    <discussion>
      <P>IMacros is really not an interface at all but is simply used
      as a placeholder for documenting various macros.</P>
      <P>The macros are non-virtual and do not take a <I>this</I> pointer.
      </P>
    </discussion>

    <method name="TIME_RELATIVE" type="INT" virtual="false">
       <P>Builds a relative-time value by negating its argument.
          Often used inside a value-converting macro as in 
        Int32ToInt64(OneSecondRelative, TIME_RELATIVE(TIME_SECONDS(1)))
       </P>
       <arg name="time" type="INT" direction="in">
         <P>The value to be negated.</P>
       </arg>
    </method>

    <method name="TIME_SECONDS" type="INT" virtual="false">
       <P>Converts its argument into 100-nanoseconds.
       </P>
       <arg name="seconds" type="INT" direction="in">
         <P>The number of seconds.</P>
       </arg>
    </method>

    <method name="TIME_MILLIS" type="INT" virtual="false">
       <P>Converts its argument into 100-nanoseconds.
       </P>
       <arg name="milliseconds" type="INT" direction="in">
         <P>The number of milliseconds.</P>
       </arg>
    </method>

    <method name="TIME_MICROS" type="INT" virtual="false">
       <P>Converts its argument into 100-nanoseconds.
       </P>
       <arg name="microseconds" type="INT" direction="in">
         <P>The number of microseconds.</P>
       </arg>
    </method>

    <method name="TimeEqual" type="BOOL" virtual="false">
       <P>Compares for equality two TIME values in a portable way.
       </P>
       <arg name="_a_" type="TIME" direction="in">
         <P>The first TIME variable/value to compare.</P>
       </arg>
       <arg name="_b_" type="TIME" direction="in">
         <P>The second TIME variable/value to compare.</P>
       </arg>
    </method>

    <method name="TimeLess" type="BOOL" virtual="false">
       <P>Computes "_a_ is-less-than _b_" for two TIME values in a portable way.
       </P>
       <arg name="_a_" type="TIME" direction="in">
         <P>The first TIME variable/value to compare.</P>
       </arg>
       <arg name="_b_" type="TIME" direction="in">
         <P>The second TIME variable/value to compare.</P>
       </arg>
    </method>

    <method name="TimeAdd" type="BOOL" virtual="false">
       <P>Computes "_a_ plus _b_" for two TIME values in a portable way.
       </P>
       <arg name="_a_" type="TIME" direction="in">
         <P>The first TIME variable/value to add.</P>
       </arg>
       <arg name="_b_" type="TIME" direction="in">
         <P>The second TIME variable/value to add.</P>
       </arg>
    </method>

    <method name="TimeSubtract" type="BOOL" virtual="false">
       <P>Computes "_a_ minus _b_" for two TIME values in a portable way.
       </P>
       <arg name="_a_" type="TIME" direction="in">
         <P>The TIME variable/value to subtract from.</P>
       </arg>
       <arg name="_b_" type="TIME" direction="in">
         <P>The TIME variable/value to subtract.</P>
       </arg>
    </method>

    <method name="TimeIsRelative" type="BOOL" virtual="false">
       <P>Computes "_a_ is-less-than 0" for a TIME value in a portable way.
       </P>
       <arg name="_a_" type="TIME" direction="in">
         <P>The TIME variable/value to compare.</P>
       </arg>
    </method>

    <method name="TimeIsNotPositive" type="BOOL" virtual="false">
       <P>Computes "_a_ is-less-or-equal-to 0" for a TIME value in a portable way.
       </P>
       <arg name="_a_" type="TIME" direction="in">
         <P>The TIME variable/value to compare.</P>
       </arg>
    </method>


    <method name="Int64Initializer" type="INT64" virtual="false">
       <P>Builds an INT64 value in a portable way. Will work irrespective of
        the compiler supporting or not INT64 types and of the byteorder.
       </P>
       <arg name="_hi32_" type="INT32" direction="in">
         <P>The high 32-bits of the desired INT64 value.</P>
       </arg>
       <arg name="_lo32_" type="UINT32" direction="in">
         <P>The low 32-bits of the desired INT64 value.</P>
       </arg>
    </method>

    <method name="Int64FromHighAndLow" type="void" virtual="false">
       <P>Builds an INT64 value in a portable way. Will work irrespective of
        the compiler supporting or not INT64 types and of the byteorder.
        Similar to the above, but takes the destination as argument.
       </P>
       <arg name="_i64_" type="INT64" direction="out">
         <P>The variable to receive the desired INT64 value.</P>
       </arg>
       <arg name="_hi32_" type="INT32" direction="in">
         <P>The high 32-bits of the desired INT64 value.</P>
       </arg>
       <arg name="_lo32_" type="UINT32" direction="in">
         <P>The low 32-bits of the desired INT64 value.</P>
       </arg>
    </method>

    <method name="Uint64High32Bits" type="UINT32" virtual="false">
       <P>Returns the high 32-bits of a UINT64 value in a portable way. 
        Will work irrespective of the compiler supporting or not INT64 types
        and of the byteorder.
       </P>
       <arg name="_u64_" type="UINT64" direction="in">
         <P>The unsigned 64-bits variable/value.</P>
       </arg>
    </method>

    <method name="Uint64Low32Bits" type="UINT32" virtual="false">
       <P>Returns the low 32-bits of a UINT64 value in a portable way. 
        Will work irrespective of the compiler supporting or not INT64 types
        and of the byteorder.
       </P>
       <arg name="_u64_" type="UINT64" direction="in">
         <P>The unsigned 64-bits variable/value.</P>
       </arg>
    </method>

    <method name="Int32ToInt64" type="void" virtual="false">
       <P>Casts and assigns a signed 32-bit value to a signed 64-bit value in a portable way.
        Will work irrespective of the compiler supporting or not INT64 types
        and of the byteorder.
       </P>
       <arg name="_i64_" type="INT64" direction="out">
         <P>The resulting signed 64-bits variable.</P>
       </arg>
       <arg name="_i32_" type="INT32" direction="in">
         <P>The signed 32-bit value.</P>
       </arg>
    </method>

    <method name="Uint32ToUint64" type="void" virtual="false">
       <P>Casts and assigns a unsigned 32-bit value to a unsigned 64-bit value in a portable way.
        Will work irrespective of the compiler supporting or not UINT64 types
        and of the byteorder.
       </P>
       <arg name="_i64_" type="UINT64" direction="out">
         <P>The resulting unsigned 64-bits variable.</P>
       </arg>
       <arg name="_i32_" type="UINT32" direction="in">
         <P>The unsigned 32-bit value.</P>
       </arg>
    </method>

    <method name="Int64ToInt32" type="INT32" virtual="false">
       <P>Casts (and potentially truncates) a signed 64-bit value to a signed 32-bit value in a portable way.
        Will work irrespective of the compiler supporting or not INT64 types
        and of the byteorder.
       </P>
       <arg name="_i64_" type="INT64" direction="in">
         <P>The signed 64-bits variable/value.</P>
       </arg>
    </method>

    <method name="Uint64ToUint32" type="UINT32" virtual="false">
       <P>Casts (and potentially truncates) a unsigned 64-bit value to a unsigned 32-bit value in a portable way.
        Will work irrespective of the compiler supporting or not UINT64 types
        and of the byteorder.
       </P>
       <arg name="_u64_" type="UINT64" direction="in">
         <P>The unsigned 64-bits variable/value.</P>
       </arg>
    </method>

    <method name="Int64ToUint64" type="UINT64" virtual="false">
       <P>Casts a signed 64-bit value to a unsigned 64-bit value in a portable way.
        Will work irrespective of the compiler supporting or not INT64 types
        and of the byteorder.
       </P>
       <arg name="_i64_" type="INT64" direction="in">
         <P>The signed 64-bits variable/value.</P>
       </arg>
    </method>

    <method name="Uint64ToInt64" type="INT64" virtual="false">
       <P>Casts (and potentially truncates) a unsigned 64-bit value to a signed 64-bit value in a portable way.
        Will work irrespective of the compiler supporting or not INT64 types
        and of the byteorder.
       </P>
       <arg name="_u64_" type="UINT64" direction="in">
         <P>The unsigned 64-bits variable/value.</P>
       </arg>
    </method>

    <method name="Int64Equal" type="BOOL" virtual="false">
       <P>Compares for equality two signed 64-bit values in a portable way.
        Will work irrespective of the compiler supporting or not INT64 types
        and of the byteorder.
       </P>
       <arg name="_a64_" type="INT64" direction="in">
         <P>The first signed 64-bits variable/value to compare.</P>
       </arg>
       <arg name="_b64_" type="INT64" direction="in">
         <P>The second signed 64-bits variable/value to compare.</P>
       </arg>
    </method>

    <method name="Int64Less" type="BOOL" virtual="false">
       <P>Computes "_a64_ is-less-than _b64_" for two signed 64-bit values in a portable way.
        Will work irrespective of the compiler supporting or not INT64 types
        and of the byteorder.
       </P>
       <arg name="_a64_" type="INT64" direction="in">
         <P>The first signed 64-bits variable/value to compare.</P>
       </arg>
       <arg name="_b64_" type="INT64" direction="in">
         <P>The second signed 64-bits variable/value to compare.</P>
       </arg>
    </method>

    <method name="Uint64Less" type="BOOL" virtual="false">
       <P>Computes "_a64_ is-less-than _b64_" for two unsigned 64-bit values in a portable way.
        Will work irrespective of the compiler supporting or not UINT64 types
        and of the byteorder.
       </P>
       <arg name="_a64_" type="UINT64" direction="in">
         <P>The first unsigned 64-bits variable/value to compare.</P>
       </arg>
       <arg name="_b64_" type="UINT64" direction="in">
         <P>The second unsigned 64-bits variable/value to compare.</P>
       </arg>
    </method>

    <method name="Int64IsZero" type="BOOL" virtual="false">
       <P>Computes "_a64_ is-equal-to 0" for a 64-bit value in a portable way.
        Will work irrespective of the compiler supporting or not INT64 types
        and of the byteorder.
       </P>
       <arg name="_a64_" type="INT64" direction="in">
         <P>The signed/unsigned 64-bits variable/value to compare.</P>
       </arg>
    </method>

    <method name="Int64IsNegative" type="BOOL" virtual="false">
       <P>Computes "_a64_ is-less-than 0" for a 64-bit value in a portable way.
        Will work irrespective of the compiler supporting or not INT64 types
        and of the byteorder.
       </P>
       <arg name="_a64_" type="INT64" direction="in">
         <P>The signed 64-bits variable/value to compare.</P>
       </arg>
    </method>

    <method name="Int64IsNotPositive" type="BOOL" virtual="false">
       <P>Computes "_a64_ is-less-or-equal-to 0" for a 64-bit value in a portable way.
        Will work irrespective of the compiler supporting or not INT64 types
        and of the byteorder.
       </P>
       <arg name="_a64_" type="INT64" direction="in">
         <P>The signed 64-bits variable/value to compare.</P>
       </arg>
    </method>

    <method name="Int64Add" type="INT64" virtual="false">
       <P>Computes "_a64_ plus _b64_" for two signed 64-bit values in a portable way.
        Will work irrespective of the compiler supporting or not INT64 types
        and of the byteorder.
       </P>
       <arg name="_a64_" type="INT64" direction="in">
         <P>The first signed 64-bits variable/value to be added.</P>
       </arg>
       <arg name="_b64_" type="INT64" direction="in">
         <P>The second signed 64-bits variable/value to be added.</P>
       </arg>
    </method>

    <method name="Uint64Add" type="UINT64" virtual="false">
       <P>Computes "_a64_ plus _b64_" for two unsigned 64-bit values in a portable way.
        Will work irrespective of the compiler supporting or not UINT64 types
        and of the byteorder.
       </P>
       <arg name="_a64_" type="UINT64" direction="in">
         <P>The first unsigned 64-bits variable/value to be added.</P>
       </arg>
       <arg name="_b64_" type="UINT64" direction="in">
         <P>The second unsigned 64-bits variable/value to be added.</P>
       </arg>
    </method>

    <method name="Int64AddInt32" type="INT64" virtual="false">
       <P>Computes "_a64_ plus _b32_" for two signed 64 and 32-bit values in a portable way.
        Will work irrespective of the compiler supporting or not INT64 types
        and of the byteorder.
       </P>
       <arg name="_a64_" type="INT64" direction="in">
         <P>The signed 64-bits variable/value to be added.</P>
       </arg>
       <arg name="_b32_" type="INT32" direction="in">
         <P>The signed 32-bits variable/value to be added.</P>
       </arg>
    </method>

    <method name="Uint64AddUint32" type="UINT64" virtual="false">
       <P>Computes "_a64_ plus _b32_" for two unsigned 64 and 32-bit values in a portable way.
        Will work irrespective of the compiler supporting or not UINT64 types
        and of the byteorder.
       </P>
       <arg name="_a64_" type="UINT64" direction="in">
         <P>The unsigned 64-bits variable/value to be added.</P>
       </arg>
       <arg name="_b32_" type="UINT32" direction="in">
         <P>The unsigned 32-bits variable/value to be added.</P>
       </arg>
    </method>

    <method name="Int64Subtract" type="INT64" virtual="false">
       <P>Computes "_a64_ minus _b64_" for two signed 64-bit values in a portable way.
        Will work irrespective of the compiler supporting or not INT64 types
        and of the byteorder.
       </P>
       <arg name="_a64_" type="INT64" direction="in">
         <P>The signed 64-bits variable/value to subtract from.</P>
       </arg>
       <arg name="_b64_" type="INT64" direction="in">
         <P>The signed 64-bits variable/value to be subtracted.</P>
       </arg>
    </method>

    <method name="Int64SubtractInt32" type="INT64" virtual="false">
       <P>Computes "_a64_ minus _b32_" for two signed 64 and 32-bit values in a portable way.
        Will work irrespective of the compiler supporting or not INT64 types
        and of the byteorder.
       </P>
       <arg name="_a64_" type="INT64" direction="in">
         <P>The signed 64-bits variable/value to subtract from.</P>
       </arg>
       <arg name="_b32_" type="INT32" direction="in">
         <P>The signed 32-bits variable/value to be subtracted.</P>
       </arg>
    </method>

    <method name="Uint64Subtract" type="UINT64" virtual="false">
       <P>Computes "_a64_ minus _b64_" for two unsigned 64-bit values in a portable way.
        Will work irrespective of the compiler supporting or not UINT64 types
        and of the byteorder.
       </P>
       <arg name="_a64_" type="UINT64" direction="in">
         <P>The unsigned 64-bits variable/value to subtract from.</P>
       </arg>
       <arg name="_b64_" type="UINT64" direction="in">
         <P>The unsigned 64-bits variable/value to be subtracted.</P>
       </arg>
    </method>

    <method name="Uint64SubtractUint32" type="UINT64" virtual="false">
       <P>Computes "_a64_ minus _b32_" for two unsigned 64 and 32-bit values in a portable way.
        Will work irrespective of the compiler supporting or not UINT64 types
        and of the byteorder.
       </P>
       <arg name="_a64_" type="UINT64" direction="in">
         <P>The unsigned 64-bits variable/value to subtract from.</P>
       </arg>
       <arg name="_b32_" type="UINT32" direction="in">
         <P>The unsigned 32-bits variable/value to be subtracted.</P>
       </arg>
    </method>

    <method name="Int64LShift" type="INT64" virtual="false">
       <P>Computes "_a64_ left-shift _b32_" for a signed 64-bit value in a portable way.
        Will work irrespective of the compiler supporting or not UINT64 types
        and of the byteorder.
       </P>
       <arg name="_a64_" type="INT64" direction="in">
         <P>The signed 64-bits variable/value to be shifted left.</P>
       </arg>
       <arg name="_b32_" type="INT32" direction="in">
         <P>The number of bits to shift left. The result is undefined if this is greater than 64.</P>
       </arg>
    </method>

    <method name="Int64RShift" type="INT64" virtual="false">
       <P>Computes "_a64_ right-shift _b32_" for a signed 64-bit value in a portable way.
        Will work irrespective of the compiler supporting or not UINT64 types
        and of the byteorder.
       </P>
       <arg name="_a64_" type="INT64" direction="in">
         <P>The signed 64-bits variable/value to be shifted right.</P>
       </arg>
       <arg name="_b32_" type="INT32" direction="in">
         <P>The number of bits to shift right. The result is undefined if this is greater than 64.</P>
       </arg>
    </method>

    <method name="Uint64LShift" type="UINT64" virtual="false">
       <P>Computes "_a64_ left-shift _b32_" for a unsigned 64-bit value in a portable way.
        Will work irrespective of the compiler supporting or not UINT64 types
        and of the byteorder.
       </P>
       <arg name="_a64_" type="UINT64" direction="in">
         <P>The unsigned 64-bits variable/value to be shifted left.</P>
       </arg>
       <arg name="_b32_" type="INT32" direction="in">
         <P>The number of bits to shift left. The result is undefined if this is greater than 64.</P>
       </arg>
    </method>

    <method name="Uint64RShift" type="UINT64" virtual="false">
       <P>Computes "_a64_ right-shift _b32_" for a unsigned 64-bit value in a portable way.
        Will work irrespective of the compiler supporting or not UINT64 types
        and of the byteorder.
       </P>
       <arg name="_a64_" type="UINT64" direction="in">
         <P>The unsigned 64-bits variable/value to be shifted right.</P>
       </arg>
       <arg name="_b32_" type="INT32" direction="in">
         <P>The number of bits to shift right. The result is undefined if this is greater than 64.</P>
       </arg>
    </method>

    <method name="Int64Or" type="INT64" virtual="false">
       <P>Computes "_a64_ bitwise-or _b64_" for two signed 64-bit values in a portable way.
        Will work irrespective of the compiler supporting or not INT64 types
        and of the byteorder.
       </P>
       <arg name="_a64_" type="INT64" direction="in">
         <P>The first signed 64-bits variable/value to be OR-ed.</P>
       </arg>
       <arg name="_b64_" type="INT64" direction="in">
         <P>The second signed 64-bits variable/value to be OR-ed.</P>
       </arg>
    </method>

    <method name="Int64And" type="INT64" virtual="false">
       <P>Computes "_a64_ bitwise-and _b64_" for two signed 64-bit values in a portable way.
        Will work irrespective of the compiler supporting or not INT64 types
        and of the byteorder.
       </P>
       <arg name="_a64_" type="INT64" direction="in">
         <P>The first signed 64-bits variable/value to be AND-ed.</P>
       </arg>
       <arg name="_b64_" type="INT64" direction="in">
         <P>The second signed 64-bits variable/value to be AND-ed.</P>
       </arg>
    </method>

    <method name="Int64Xor" type="INT64" virtual="false">
       <P>Computes "_a64_ bitwise-exclusive-or _b64_" for two signed 64-bit values in a portable way.
        Will work irrespective of the compiler supporting or not INT64 types
        and of the byteorder.
       </P>
       <arg name="_a64_" type="INT64" direction="in">
         <P>The first signed 64-bits variable/value to be XOR-ed.</P>
       </arg>
       <arg name="_b64_" type="INT64" direction="in">
         <P>The second signed 64-bits variable/value to be XOR-ed.</P>
       </arg>
    </method>

    <method name="Uint64Or" type="UINT64" virtual="false">
       <P>Computes "_a64_ bitwise-or _b64_" for two unsigned 64-bit values in a portable way.
        Will work irrespective of the compiler supporting or not UINT64 types
        and of the byteorder.
       </P>
       <arg name="_a64_" type="UINT64" direction="in">
         <P>The first unsigned 64-bits variable/value to be OR-ed.</P>
       </arg>
       <arg name="_b64_" type="UINT64" direction="in">
         <P>The second unsigned 64-bits variable/value to be OR-ed.</P>
       </arg>
    </method>

    <method name="Uint64And" type="UINT64" virtual="false">
       <P>Computes "_a64_ bitwise-and _b64_" for two unsigned 64-bit values in a portable way.
        Will work irrespective of the compiler supporting or not UINT64 types
        and of the byteorder.
       </P>
       <arg name="_a64_" type="UINT64" direction="in">
         <P>The first unsigned 64-bits variable/value to be AND-ed.</P>
       </arg>
       <arg name="_b64_" type="UINT64" direction="in">
         <P>The second unsigned 64-bits variable/value to be AND-ed.</P>
       </arg>
    </method>

    <method name="Uint64Xor" type="UINT64" virtual="false">
       <P>Computes "_a64_ bitwise-exclusive-or _b64_" for two unsigned 64-bit values in a portable way.
        Will work irrespective of the compiler supporting or not UINT64 types
        and of the byteorder.
       </P>
       <arg name="_a64_" type="UINT64" direction="in">
         <P>The first unsigned 64-bits variable/value to be XOR-ed.</P>
       </arg>
       <arg name="_b64_" type="UINT64" direction="in">
         <P>The second unsigned 64-bits variable/value to be XOR-ed.</P>
       </arg>
    </method>


    <method name="Int64TimesInt32" type="INT64" virtual="false">
       <P>Computes "_a64_ times _b32_" for two signed 64 and 32-bit values in a portable way.
        Will work irrespective of the compiler supporting or not INT64 types
        and of the byteorder.
       </P>
       <arg name="_a64_" type="INT64" direction="in">
         <P>The signed 64-bits variable/value to multiply.</P>
       </arg>
       <arg name="_b32_" type="INT32" direction="in">
         <P>The signed 32-bits variable/value to multiply.</P>
       </arg>
    </method>

    <method name="Int64TimesInt64" type="INT64" virtual="false">
       <P>Computes "_a64_ times _b64_" for two signed 64-bit values in a portable way.
        Will work irrespective of the compiler supporting or not INT64 types
        and of the byteorder.
       </P>
       <arg name="_a64_" type="INT64" direction="in">
         <P>The first signed 64-bits variable/value to multiply.</P>
       </arg>
       <arg name="_b64_" type="INT64" direction="in">
         <P>The second signed 64-bits variable/value to multiply.</P>
       </arg>
    </method>

    <method name="Uint64TimesUint32" type="UINT64" virtual="false">
       <P>Computes "_a64_ times _b32_" for two unsigned 64 and 32-bit values in a portable way.
        Will work irrespective of the compiler supporting or not UINT64 types
        and of the byteorder.
       </P>
       <arg name="_a64_" type="UINT64" direction="in">
         <P>The unsigned 64-bits variable/value to multiply.</P>
       </arg>
       <arg name="_b32_" type="UINT32" direction="in">
         <P>The unsigned 32-bits variable/value to multiply.</P>
       </arg>
    </method>

    <method name="Uint64TimesUint64" type="UINT64" virtual="false">
       <P>Computes "_a64_ times _b64_" for two unsigned 64-bit values in a portable way.
        Will work irrespective of the compiler supporting or not UINT64 types
        and of the byteorder.
       </P>
       <arg name="_a64_" type="UINT64" direction="in">
         <P>The first unsigned 64-bits variable/value to multiply.</P>
       </arg>
       <arg name="_b64_" type="UINT64" direction="in">
         <P>The second unsigned 64-bits variable/value to multiply.</P>
       </arg>
    </method>


    <method name="Int64DividedByInt32" type="INT64" virtual="false">
       <P>Computes "_a64_ divided-by _b32_" for two signed 64 and 32-bit values in a portable way.
        Will work irrespective of the compiler supporting or not INT64 types
        and of the byteorder.
       </P>
       <arg name="_a64_" type="INT64" direction="in">
         <P>The signed 64-bits variable/value to divide (the dividend).</P>
       </arg>
       <arg name="_b32_" type="INT32" direction="in">
         <P>The signed 32-bits variable/value divisor.</P>
       </arg>
    </method>

    <method name="Int64DividedByInt64" type="INT64" virtual="false">
       <P>Computes "_a64_ divided-by _b64_" for two signed 64-bit values in a portable way.
        Will work irrespective of the compiler supporting or not INT64 types
        and of the byteorder.
       </P>
       <arg name="_a64_" type="INT64" direction="in">
         <P>The signed 64-bits variable/value to divide (the dividend).</P>
       </arg>
       <arg name="_b64_" type="INT64" direction="in">
         <P>The signed 64-bits variable/value divisor.</P>
       </arg>
    </method>

    <method name="Uint64DividedByUint32" type="UINT64" virtual="false">
       <P>Computes "_a64_ divided-by _b32_" for two unsigned 64 and 32-bit values in a portable way.
        Will work irrespective of the compiler supporting or not UINT64 types
        and of the byteorder.
       </P>
       <arg name="_a64_" type="UINT64" direction="in">
         <P>The unsigned 64-bits variable/value to divide (the dividend).</P>
       </arg>
       <arg name="_b32_" type="UINT32" direction="in">
         <P>The unsigned 32-bits variable/value divisor.</P>
       </arg>
    </method>

    <method name="Uint64DividedByUint64" type="UINT64" virtual="false">
       <P>Computes "_a64_ divided-by _b64_" for two unsigned 64-bit values in a portable way.
        Will work irrespective of the compiler supporting or not UINT64 types
        and of the byteorder.
       </P>
       <arg name="_a64_" type="UINT64" direction="in">
         <P>The unsigned 64-bits variable/value to divide (the dividend).</P>
       </arg>
       <arg name="_b64_" type="UINT64" direction="in">
         <P>The unsigned 64-bits variable/value divisor.</P>
       </arg>
    </method>


    <method name="Int64ModulusInt32" type="INT64" virtual="false">
       <P>Computes "_a64_ modulo _b32_" for two signed 64 and 32-bit values in a portable way.
        Will work irrespective of the compiler supporting or not INT64 types
        and of the byteorder.
       </P>
       <arg name="_a64_" type="INT64" direction="in">
         <P>The signed 64-bits variable/value to divide.</P>
       </arg>
       <arg name="_b32_" type="INT32" direction="in">
         <P>The signed 32-bits variable/value divisor.</P>
       </arg>
    </method>

    <method name="Int64ModulusInt64" type="INT64" virtual="false">
       <P>Computes "_a64_ modulo _b64_" for two signed 64-bit values in a portable way.
        Will work irrespective of the compiler supporting or not INT64 types
        and of the byteorder.
       </P>
       <arg name="_a64_" type="INT64" direction="in">
         <P>The signed 64-bits variable/value to divide.</P>
       </arg>
       <arg name="_b64_" type="INT64" direction="in">
         <P>The signed 64-bits variable/value divisor.</P>
       </arg>
    </method>

    <method name="Uint64ModulusUint32" type="UINT64" virtual="false">
       <P>Computes "_a64_ modulo _b32_" for two unsigned 64 and 32-bit values in a portable way.
        Will work irrespective of the compiler supporting or not UINT64 types
        and of the byteorder.
       </P>
       <arg name="_a64_" type="UINT64" direction="in">
         <P>The unsigned 64-bits variable/value to divide.</P>
       </arg>
       <arg name="_b32_" type="UINT32" direction="in">
         <P>The unsigned 32-bits variable/value divisor.</P>
       </arg>
    </method>

    <method name="Uint64ModulusUint64" type="UINT64" virtual="false">
       <P>Computes "_a64_ modulo _b64_" for two unsigned 64-bit values in a portable way.
        Will work irrespective of the compiler supporting or not UINT64 types
        and of the byteorder.
       </P>
       <arg name="_a64_" type="UINT64" direction="in">
         <P>The unsigned 64-bits variable/value to divide.</P>
       </arg>
       <arg name="_b64_" type="UINT64" direction="in">
         <P>The unsigned 64-bits variable/value divisor.</P>
       </arg>
    </method>
  </interface>

<!-- DELETED - -
  <interface name="IStringTable" type="PISTRINGTABLE" extends="IUnknown"
             iid="7e614574-8ebf-4dce-ba80-e1d70bb4cd6e" mygroup="Utility">
    <P>String Table interface.</P>
    <discussion>
      <P>String table for XML processing and perhaps other purposes.</P>
    </discussion>
    <method name="AtomizeString" type="const _TCHAR *">
      <P>Enter a new string to the string table, or return pointer to
      existing string.</P>
      <discussion>
        <P></P>
      </discussion>
      <arg name="String" type="const _TCHAR *">
        <P>The string to be atomized, zero terminated.</P>
      </arg>
      <arg name="Token" type="UINT16*" direction="out" optional="true">
        <P>If not NULL, the token for this string is returned here.
        If the string does not yet have a token but one is requested,
        a new one will be allocated.</P>
      </arg>
    </method>

    <method name="AtomizeUtf8" type="const _TCHAR *">
      <return-value value="pointer representing the unique string value.">
        <P>For any given string content a unique pointer is returned.
        "foo" and "foo" return the same value even if the input is at a
        different location. The lifetime of the returned string is that of
        the underlying string table.</P>
      </return-value>
      <P>Enter a new string to the string table, or return pointer to
      existing string. The input string is UTF-8 or similar.</P>
      <discussion>
        <P>This method is intended for incoming network data. It converts
        the string to a regular _TCHAR string and enters it into a hash
        table.
        </P>
      </discussion>
      <arg name="Str" type="const BYTE *" size-is="Length">
        <P>The string as received from network packet.
        The string does not have to be zero terminated.</P>
      </arg>
      <arg name="Length" type="UINT">
        <P>The length of the string.</P>
      </arg>
    </method>

    <method name="DefineString" type="SCODE">
      <P>Enter a new string to the string table and assign a token
      to it. The input string is UTF-8 or similar.</P>
      <arg name="Str" type="const BYTE *" size-is="Length">
        <P>The string as received from network packet.
        The string does not have to be zero terminated.</P>
      </arg>
      <arg name="Length" type="UINT">
        <P>The length of the string.</P>
      </arg>
      <arg name="Token" type="UINT16">
        <P>The token associated with the string.</P>
      </arg>
    </method>

    <method name="LookupToken" type="const _TCHAR *">
      <P>Given a string token return the corresponding string.</P>
      <discussion>
        <P>This method is intended for use with pre-tokenized XML.
        </P>
      </discussion>
      <arg name="Token" type="UINT16">
        <P>The token as set by <A HREF="#">DefineString</A>
        or <A HREF="#">AtomizeString</A>.</P>
      </arg>
    </method>
  </interface>
- - DELETED -->

</mmlite-spec>
