<?xml version='1.0'?>
<!-- Copyright (c) Microsoft Corporation. All rights reserved. -->

<!-- Included from spec.xml -->

<mmlite-spec xmlns="x-schema:spec-schema.xml">

  <interface-group name="VirtualMemory">
    <P>Interfaces for virtual memory.</P>
    <discussion>
      <P>Virtual memory is a loadable part of MMLite but some interfaces are
      always needed.  For example 
      <A HREF="IVmView.htm#SwitchTo">IVmView.SwitchTo</A> is called from 
      the context switch path.</P>
    </discussion>
  </interface-group>

  <interface name="IVmView" type="PIVMVIEW" extends="IUnknown"
             iid="6bb4ef52-eb2a-11d3-8c65-00e0291551e5">
    <P>Virtual memory view interface.</P>
    <discussion>
      <P>A <B>VmView</B> represents the virtual address space that an
      executing thread sees.  It is it's window into the purely virtual
      virtual address spaces.  A particular view may be shared by multiple
      threads, typically by all threads running in the same "process". The
      view represents a Page Translation Cache (usually called TLB for
      Translation Lookaside Buffer) and any segment register tables. The
      behavior of this interface is more machine dependent than any other
      virtual memory interface -- it handles all the machine dependent real
      hardware aspects of virtual memory.</P>
      <P>VmView interacts with the context switch path, with page fault traps,
      and physical mappings. It interfaces to logical memory spaces through
      the VmMapping interface.</P>
    </discussion>
    <method name="SwitchTo" type="void">
       <P>Switch view of current thread. Not for application use!</P>
       <discussion>
         <P>SwitchTo is (only) called from the context switch path when needed
         to indicate an address space change. This would mean reloading the
         page table base register on most implementations.</P>
         <P>A NULL <I>this</I> parameter means the "physical" address space.
         </P>
       </discussion>
       <notes>Preemption is disabled. Implementations may not block!</notes>
    </method>
    <method name="Fault" >
      <P>Handle TLB miss exception on current view. Not recommended for
      application use.</P>
      <discussion>
        <P>If this method fails the page fault could not be serviced and the
        caller should resort to appropriate exception processing. This might
        mean a reboot, a signal, throwing an exception, calling the debugger,
        or similar action. Retrying the fault is likely to end up in a loop.
        </P>
      </discussion>
      <notes>Note that <B>Fault</B> is called at pagefault time.</notes>
      <return-value value="E_NOT_ENOUGH_MEMORY">
        <P>Could not service request because of resource shortage. This can
        mean either heap space for virtual memory data structures or memory
        pages to hold the data.</P>
      </return-value>
      <return-value value="E_NOT_COMMITTED">
        <P>The address was resolved to a region with a reservation but no
        mapping. </P>
      </return-value>
      <return-value value="E_NOT_RESERVED">
        <P>The address was resolved to a region with no allocation. </P>
      </return-value>
      <return-value value="E_INVALID_PARAMETER">
        <P>The access flags requested contained invalid bits. </P>
      </return-value>
      <return-value value="other"><P>The page fault may be serviced by an
      underlying file or other object, which may return other error codes.</P>
      </return-value>
      <arg type="ADDRESS" name="FaultAddr">
        <P>The virtual address of the fault.</P>
      </arg>
      <arg type="UINT" name="Access">
        <P>Indicates the access requested by the faulting thread.
        One or both of <B>VM_PROT_READ</B> and <B>VM_PROT_WRITE</B> ored
        together.</P>
      </arg>
      <see-also HREF="IVmSpace.htm#VM_FLAGS">VM_FLAGS</see-also>
    </method>
    <method name="SetMapping">
      <P>Set the underlying mapping object of the view.  Page faults are
      resolved by getting pages from the given mapping through the Share
      method.</P>
      <discussion>
        <P>If the given view is NULL or does not support the Share method,
        all page faults on the view will fail.</P>
        <P>Any previous mapping will be released and cached TLB entries
        associated with it are flushed.</P>
      </discussion>
      <arg type="PIVMMAPPING" name="Mapping">
        <P>The new mapping.</P>
      </arg>
      <see-also HREF="IVmMapping.htm#Share">IVMMapping.Share</see-also>
    </method>
    <method name="GetMapping" >
      <P>Return the mapping associated with the view.</P>
      <discussion>
        <P>The view returned was previously set by a call to
        SetMapping.</P>
      </discussion>
      <arg type="PIVMMAPPING *" name="pMapping" direction="out">
        <P>The mapping is returned here with a reference.</P>
      </arg>
    </method>
    <see-also>IVmMapping</see-also>
    <see-also>IVmFactory</see-also>
    <uses-interface name="IVmMapping" type="PIVMMAPPING" />
  </interface>

</mmlite-spec>
