<?xml version='1.0' encoding="iso-8859-1"?>
<!-- Copyright (c) Microsoft Corporation. All rights reserved. -->

<!-- Included from spec.xml -->

<mmlite-spec xmlns="x-schema:spec-schema.xml">

  <interface-group name="WsHelpers">
    <P>Internal helper interfaces for the WS-interfaces.</P>
  </interface-group>

  <interface name="ISampling" type="PISAMPLING" extends="IUnknown"
             iid="CF90AF1E-5D57-42e0-B16A-A40E00877FD9">
    <namespace prefix="smpl" token="39">http://tempuri.org/sampling/0.01</namespace>
    
    <P>Sampling helper for WsRes.</P>

    <method name="AddSample" type="none">
      <P>A reservation was processed successfully (but might have overrun).</P>
      <arg type="string" name="Name">
        <P>The reservation name.</P>
      </arg>
      <arg type="UINT" name="seqno">
        <P>The sequence number in a repetitive reservation or zero.</P>
      </arg>

      <arg type="TIME" name="ReceiveTime">
        <P>The time the request message was received (absolute wall time).</P>
      </arg>
      <arg type="TIME" name="SendTime">
        <P>The time the reply/flow message was sent (absolute wall time).</P>
      </arg>

      <arg type="TIME" name="Requested">
        <P>The predicted time (virtual duration).</P>
      </arg>
      <arg type="TIME" name="Consumed">
        <P>The actual time (virtual duration).</P>
      </arg>
      <arg type="string" name="DataSink">
        <P>The URL of the error handler.</P>
      </arg>
    </method>

    <method name="ReportError" type="none">
      <P>Start time was missed, sequence number was missed, or other error
      occurred while reservation was processed.</P>
      <arg type="string" name="Name">
        <P>The reservation name.</P>
      </arg>
      <arg type="UINT" name="seqno">
        <P>The sequence number in a repetitive reservation or zero.</P>
      </arg>
      <arg type="TIME" name="when">
        <P>The time the error was detected.</P>
      </arg>
      <arg type="SCODE" name="err">
        <P>Numeric error indication.</P>
      </arg>
      <arg type="string" name="ErrorMessage">
        <P>For human consumption.</P>
      </arg>
      <arg type="string" name="DataSink">
        <P>The URL of the error handler.</P>
      </arg>
    </method>

  </interface>

  <interface name="IStatistics" type="PISTATISTICS" extends="IUnknown"
             iid="32E0F3A3-E5B8-4313-BCB3-40E517C22D3F">

    <namespace prefix="stats" token="40">http://tempuri.org/statistics/0.01</namespace>
    
    <P>Sampling helper for WsRes.</P>

    <method name="AddSample" type="none">
      <P>A reservation was processed successfully (but might have overrun).</P>
      <arg type="string" name="Name">
        <P>The reservation name.</P>
      </arg>
      <arg type="UINT" name="seqno">
        <P>The sequence number in a repetitive reservation or zero.</P>
      </arg>

      <arg type="TIME" name="ReceiveTime">
        <P>The time the request message was received (absolute wall time).</P>
      </arg>
      <arg type="TIME" name="SendTime">
        <P>The time the reply/flow message was sent (absolute wall time).</P>
      </arg>

      <arg type="TIME" name="Requested">
        <P>The predicted time (virtual duration).</P>
      </arg>
      <arg type="TIME" name="Consumed">
        <P>The actual time (virtual duration).</P>
      </arg>
    </method>

    <method name="GetNormalDistribution">
      <arg type="string" name="Name"/>
      <arg type="TIME*" name="Mean" direction="out"/>
      <arg type="TIME*" name="Variance" direction="out"/>
    </method>

    <method name="GetPredictionFromNormalDistribution">
      <arg type="string" name="Name"/>
      <arg type="UINT" name="Confidence"/>
        <P>The prediction is defined to be P = m + k * s, where m is the mean, 
           s is the standard deviation and k is a multiplication constant derived 
           from the Confidence parameter. The parameter is required to be an integer 
           in the range [50, 100[. It is converted to the multiplication constant 
           such that the predicted estimate P is N% certain to be sufficiently 
           generous for the actual resources consumed during subsequent executions.</P>
      <arg type="TIME*" name="Prediction" direction="out"/>
        <P>The predicted estimate given the desired confidence, using a normal 
           distribution over the accumulated data.</P>
    </method>

  </interface>

  <interface name="IReservationBuilder" type="PIRESERVATIONBUILDER" extends="IUnknown"
             iid="467F5646-0DF8-4428-A191-916098E9E1F4">

    <P>Helper for WsRes.</P>

    <method name="SetParameters">
      <arg name="Deadline" type="TIME"/>
      <arg name="Duration" type="INT"/>
      <arg name="Tolerance" type="INT"/>
    </method>
    
    <method name="SetRecurrence">
      <P>A period of zero indicates no recurrence, a repeats parameter of 
      zero indicates infinite recurrence.</P>
      <arg name="Period" type="TIME"/>
      <arg name="Repeats" type="UINT"/>
    </method>
    
    <method name="SetAdaptivity">
      <P>Controls how the reservation adapts to statistical feedback.</P>
      <arg name="DataCollection" type="string"/>
      <P>Identifies the sample collection to produce statistics from.</P>
      <arg name="Confidence" type="UINT"/>
      <P>In percentages, e.g. value between 0 and 100.</P>
      <arg name="Callback" type="PTR"/>
      <P>Optional. 
         The data parameter will be passed to the callback, if provided.
         If no callback is provided the data parameter must be NULL. 
         If SetAdaptivity is invoked without an adaptivity callback 
         then default adaptation behavior will be applied.</P>
      <arg name="Data" type="PTR"/>
      <P>Do not provide adaptivity data without a callback to process it.</P> 
    </method>
    
    <method name="SetDispatch">
      <arg name="Callback" type="PTR"/>
      <arg name="Data" type="PTR"/>
    </method>

    <method name="CreateContext">
      <arg name="FeedbackURI" type="string"/>
      <arg name="Context" type="IWsAddressing:PWSCONTEXT*" direction="out"/>
    </method>
    
    <method name="ResetContext">
      <arg name="Context" type="IWsAddressing:PWSCONTEXT"/>
    </method>
    
    <method name="IsRepeating">
      <P>S_OK if the reservation has an active trigger, else E_FAIL.</P>
    </method>
    
    <method name="IsAdaptive">
      <P>S_OK if the reservation parameters should adapt over time, else E_FAIL.</P>
    </method>
    
    <method name="Dispatch"/>

    <method name="Adapt">
      <arg name="pData" type="PTR"/>
      <arg name="Statistics" type="PISTATISTICS"/>
      <arg name="NothingAdapts" type="PBOOL"/>
    </method>

    <method name="GetFullName" type="string">
      <P>Returns a copy (not a reference!) of the full reservation name
         - the caller must deallocate the copy.
         The full name consists of the task name, the reservation name, 
         and the sequence number or wildcard.</P>
    </method>

  </interface>

  <interface name="ITaskBuilder" type="PITASKBUILDER" extends="IUnknown"
             iid="58D29190-1702-4f39-8382-5E1ABDE662AB">

    <P>Helper for WsRes.</P>

    <method name="CreateReservation">
      <arg name="Destination" type="string"/>
      <arg name="Contact" type="string" />
      <arg name="Name" type="string"/>
      <arg name="Reservation" type="PIRESERVATIONBUILDER*" direction="out"/>
    </method>
    
    <method name="Activate">
      <P>The encapsulated reservations must be fully specified before 
         activation. Activation passes the task to the planner, and 
         subsequent modification of task or reservation state is not 
         expected.</P>
      <arg name="Instigator" type="PIINSTIGATOR"/>
    </method>

  </interface>

  <interface name="IPlanner" type="PIPLANNER" extends="IUnknown"
             iid="BE163A5A-6B56-4c9d-AEF4-9E6FA0C9693D">

    <P>Helper for WsRes.</P>

    <method name="CreateTask">
      <arg name="Instigator" type="PIINSTIGATOR"/>
      <arg name="Task" type="PITASKBUILDER*" direction="out"/>
    </method>

    <method name="ActivateTask">
      <arg name="Task" type="PITASKBUILDER"/>
    </method>

    <method name="GetPlannerDataByFullName">
      <P>Provides access to internal planner data structures associated 
         with an active, adaptive reservation. 
         
         This is only intended for use by instigators that implement their 
         own adaptation logic as an adaptation callback provided to the 
         SetAdaptive method of PIRESERVATIONBUILDER. 
         
         The thread that calls this method *MUST HOLD* the lock on the 
         affected planner data structures. So don't invoke it outside 
         of the adaptation callback or else.</P>
      <arg name="Name" type="string"/>
      <P>The full name, consisting of task name, reservation name and 
         sequence number/wildcard.</P>
      <arg name="Reservation" type="PIRESERVATIONBUILDER*" direction="out"/>
      <arg name="Data" type="PTR*" direction="out"/>
    </method>
    
    <method name="AdaptReservation">
      <P>Utility method used internally by the planner, but provided as a 
         helper for instigators that implement their own adaptation logic 
         as an adaptation callback provided to the SetAdaptive method of 
         PIRESERVATIONBUILDER. 
         
         The thread that calls this method *MUST HOLD* the lock on the 
         affected planner data structures. So don't invoke it outside 
         of the adaptation callback or else.</P>
      <arg name="Data" type="PTR"/>
      <arg name="Res" type="PIRESERVATIONBUILDER"/>
      <arg name="NothingAdapts" type="PBOOL"/>
    </method>
    
  </interface>

  <interface name="IInstigator" type="PIINSTIGATOR" extends="IUnknown"
             iid="BF66BEEF-CA3C-4230-9A6F-6286C09F3D85">

    <P>Helper for WsRes.</P>

    <method name="Initialize">
      <arg name="argc" type="INT"/>
      <arg name="argv" type="_TCHAR**"/>
    </method>
    
    <method name="DefineTask"/>
    
    <method name="Run"/>
    
  </interface>

  <interface name="IWsDiscoveryUtil" type="PIWSDISCOVERYUTIL"
             extends="IProgram"
             iid="CF2D864F-7B0C-4f98-8769-3980836447BC">
    <P>Helper for Ws-Discovery.</P>

    <method name="RegisterAdvert">
      <arg name="pAdvert" type="IWsDiscovery:PWSADVERT"/>
    </method>

    <method name="UnregisterAdvert">
      <arg name="pEndpoint" type="IWsAddressing:PEndpointReference"/>
    </method>

    <method name="LookUp">
      <arg name="Type" type="IWsAddressing:PQNameItem"/>
      <arg name="Scope" type="IWsDiscovery:PScopes"/>
      <arg name="pAdvert" type="IWsDiscovery:PWSADVERT*" direction="out"/>
    </method>

    <method name="LookUp2">
      <arg name="Type" type="string"/>
      <arg name="BufSz" type="UINT"/>
      <arg name="Buffer" type="string" direction="out"/>
    </method>

    <method name="Enumerate">
      <P>Enumerate all matches to given type and scopes.</P>
      <arg type="PIHEAP" name="Heap" optional="true">
        <P>When supplied, data returned by Pull is allocated here.</P>
      </arg>
      <arg name="Type" type="IWsAddressing:PQNameItem">
        <P>The type of service required.</P>
      </arg>
      <arg name="Scope" type="IWsDiscovery:PScopes"
           optional="true" list="ListNode">
        <P>List of scopes that restrict the choice of services.</P>
      </arg>
      <arg name="pEnum" type="PIENUM*" direction="out">
        <P>An enumerator that can be pulled to retrieve all matches one
        at a time.</P>
      </arg>
    </method>

    <method name="SendProbe">
      <arg name="Type" type="IWsAddressing:PQNameItem"/>
      <arg name="Scope" type="IWsDiscovery:PScopes"/>
    </method>

    <method name="SendResolve">
      <arg type="IWsAddressing:PEndpointReference" name="Endpoint"/>
    </method>
  </interface>

  <interface name="IWsTargetService" type="PIWSTARGETSERVICE" extends="IUnknown"
             iid="C497A383-AC5C-4feb-B881-F6D9FFBFF856">
    <P>Helper for WS-Discovery.</P>

  <method name="CloneAdvert" stacksize="2048">
      <P>Deep-clones the target service's advertisement.
         The caller is responsible for deallocating the clone.</P>
      <arg type="IWsDiscovery:PWSADVERT *" name="ppAdvert"/>
    </method>
  </interface>

  <interface name="IEnum" type="PIENUM"
             extends="IUnknown" iid="579b4ab0-38b0-4121-8372-b2f5361e10fa">
    <P>Generic enumerator interface.</P>
    <discussion>
      <P>This is an interface for getting data from an object one element
      at a time. It is intended to for local synchronous operation and
      is tracked by its parent object (that may have multiple enumerators
      active). The simplest case is a directory, where one string is returned
      at a time.</P>
      <P>Note that the underlying object is not locked between operations
      so entries may be added, deleted, or changed in between.
      The underlying object will manage the active enumerators so that
      changes will be reflected to the client in a consistent way.
      In particular, if an entry is deleted, the enumerator will move
      forward to the next entry.</P>
    </discussion>

    <constant name="SEEK_FLAGS" type="UINT"
              prefix="SEEK_">
      <P>Seek mode. Bitmap of the following.</P>
      <notes>bit1 is end/current bit2 is forwards/backwards. Thus SEEK_SET
      is forwards from end, SEEK_END is backwards from end, and SEEK_CUR
      is CURRENT, with BACKWARDS being the sign bit.</notes>
      <constant-value name="CURRENT" ordinal="1">
      </constant-value>
      <constant-value name="BACKWARDS" ordinal="2">
      </constant-value>
    </constant>

    <constant name="QID_ENUM" type="QID"
              prefix="QID_ENUM_" base="0xff000000">
      <P>Special types.</P>
      <constant-value name="TYPE_BINARY" ordinal="0">
        <P>The data is a simple array of bytes.</P>
      </constant-value>
      <constant-value name="TYPE_STRING" ordinal="1">
        <P>The data is of type _TCHAR array.</P>
      </constant-value>
      <constant-value name="TYPE_DISCOVERY" ordinal="2">
        <P>Discovery information (WSADVERT).</P>
      </constant-value>
    </constant>

    <method name="Pull">
      <P>Get copy of current entry whatever type it is. Any transitive
      data referenced is allocated within the same buffer.
       Move on to next entry.
      </P>
      <return-value value="S_NO_MORE_ENTRIES">
        <P>No additional entries exist. If the object contains a
        single (additional) entry, the buffer was successfully copied to
        the buffer and a nonzero length was written to the location
        pointed to by <I>pSizeRead</I>. If the object is empty, a
        value of zero was written to the location pointed to by
        <I>pSizeRead</I>. </P>
      </return-value>
      <return-value value="E_NOT_ENOUGH_MEMORY">
        <P>The heap supplied was exhausted. Any partial data was deleted.</P>
      </return-value>
      <return-value value="E_TIMED_OUT">
        <P>No data was available within the time allowed.</P>
      </return-value>
      <return-value value="E_END_OF_DATA">
        <P>The enumerator was exhausted and no data is returned.</P>
      </return-value>

      <arg type="PIHEAP" name="Heap" optional="true">
        <P>When supplied, all data is allocated here and
        the root pointer is returned in *pData.</P>
      </arg>
      <arg type="PTIME" name="pTimeout" optional="true" >
        <P>As in <A HREF="IBaseRtl.htm#Condition_Wait">Condition_Wait</A>:
        The maximum time to wait. If the timeout is either NULL
        or TIME_FOREVER, the call will never time out. If the timeout
        is zero or TIME_ORIGIN, the call will timeout immediately
        (if it would otherwise block).</P>
      </arg>

      <arg type="PTR *" name="pData" direction="out" type-is="pType">
        <P>The root pointer of the returned value object is returned here.</P>
      </arg>
      <arg name="pType" type="QNAME" direction="out">
        <P>The type of the entry, if known, is optionally returned here.
        No live objects are included in the data unless a valid type is returned.
        </P>
      </arg>
    </method>

    <method name="ReleasePullResult">
      <P>Discard the last result.
      If the object returned contained live objects, release them now.
      If heap is provided, free all data as well.</P>

      <arg type="PIHEAP" name="Heap" optional="true">
        <P>The same heap that was used with allocation.</P>
      </arg>
      <arg type="PTR" name="pData" type-is="Type">
        <P>Pointer to the entry.</P>
      </arg>
      <arg name="Type" type="QNAME">
        <P>The type of the range as returned by Pull.</P>
      </arg>
    </method>

  </interface>

  <interface name="ICimFactory" type="PICIMFACTORY"
             extends="IProgram" iid="d6573fd5-12e4-48ac-ac5f-22d1cfced4f1">
    <P>Constructor and control interface for WS-Man CIM providers.</P>
    <discussion>
      <P>Preliminary. This is used by a sample in src/web/cim.</P>
    </discussion>

<!--
    <method name="CreateResource">
      <P>Create a new resource of the given type.
      </P>
      <arg name="ResourceURI" type="string">
        <P>The URI for the resource we are getting. Transferred in
        the wsman:ResourceURI header.</P>
      </arg>
      <arg name="InitialValue" type="ANYTYPE" type-is="ValueType"
           serialize-as="text()">
        <P>Dynamically typed initial value.</P>
      </arg>
      <arg name="ValueType" type="QNAME">
        <P>Type of InitialValue.</P>
      </arg>
      <arg name="Heap" type="PIHEAP">
        <P>Where to allocate selectors from.</P>
      </arg>
      <arg name="NeedsCopy" type="BOOL">
        <P>When FALSE, just use the data.</P>
      </arg>
      <arg name="SelectorSet" type="IWsManagement:PSelectorSet"
           direction="out"/>
    </method>

    <method name="Enumerate">
      <P>Enumerate all matches to given type and scopes.</P>
      <arg type="PIHEAP" name="Heap" optional="true">
        <P>When supplied, data returned by Pull is allocated here.</P>
      </arg>
      <arg name="name" type="string">
        <P>The resource type to be enumerated.</P>
      </arg>
      <arg name="pEnum" type="PIENUM*" direction="out">
        <P>An enumerator that can be pulled to retrieve all matches one
        at a time.</P>
      </arg>
    </method>
-->

  </interface>

  <interface name="ICimTransaction" type="PICIMTRANSACTION"
             extends="IUnknown" iid="447db1bf-6773-4250-849d-5b2399166ad0">
    <P>Simple transaction support for cimdb.</P>

    <method name="Commit">
      <P>Attempt to commit transaction (validate and take effect).</P>
    </method>

    <method name="Abort">
      <P>Discard any pending effects.</P>
    </method>

    <method name="ActivationDone">
      <P>MaybeCommit: The current RPC activation is done.
        If this is not a persistent transaction then it will be committed.</P>
    </method>
  </interface>

  <interface name="ICimResource" type="PICIMRESOURCE"
             extends="IUnknown" iid="89ea2d12-a990-4a41-af69-31d7e3e68d4e">
    <P>Internal resource functions.</P>
    <discussion>
      <P>Preliminary. This is used by a sample in src/web/cim.</P>
    </discussion>

    <constant name="RESOURCE_FLAGS" type="UINT" prefix="RESOURCE_">
      <P>Subtype of NAME_SPACE_FLAGS. Controls enumerations, updates, etc.</P>
      <constant-value name="RETURN_EPR" ordinal="0x01000000">
        <P>Return EnpointReference instead of content value.</P>
      </constant-value>
      <constant-value name="DELETE" ordinal="0x02000000">
        <P>Return EnpointReference instead of content value.</P>
      </constant-value>
    </constant>

    <struct name="DataItem" doptype="true">
      <P>A generic dynamically typed element with some fields present.
      Used e.g. in capturing the query element in dssp:QueryRequest.</P>
      <field name="Value" type="ANYTYPE"
             type-is="ValueType" selector-is="ValueSelector"
             serialize-as="text()">
        <P>
          Dynamically typed element.
        </P>
      </field>
      <field name="ValueType" type="QNAME">
        <P>Type of Value.</P>
      </field>
      <field name="ValueSelector" type="BITMAP">
        <P>
          Active fields of Value. Only the fields that are actually
          present should be used.
        </P>
      </field>
    </struct>

    <method name="Enumerate">
      <P>Enumerate all matches to given type and scopes.</P>
      <arg type="PIHEAP" name="Heap" optional="true">
        <P>When supplied, data returned by Pull is allocated here.</P>
      </arg>
      <arg name="To" type="string" serialize-as="!HEADER">
        <P>
          The URI for request. Transferred in the wsa:To header.
        </P>
      </arg>
      <arg name="name" type="string">
        <P>The resource type to be enumerated.</P>
      </arg>
      <arg name="SelectorSet" type="IWsManagement:PSelector"
           serialize-as="!HEADER" list="ListNode_Selector" optional="true">
        <P>The selector for the resource instance we are getting.
        Transferred in the wsman:SelectorSet header.</P>
      </arg>
      <arg name="Flags" type="RESOURCE_FLAGS">
        <P>Specify special fals, such as RESOURCE_RETURN_EPR.</P>
      </arg>
      <arg name="Query" type="PDataItem" optional="true">
        <P>The reference element from dssp:QueryRequest or other source.</P>
      </arg>
      <arg name="pEnum" type="PIENUM*" direction="out">
        <P>An enumerator that can be pulled to retrieve all matches one
        at a time.</P>
      </arg>
      <arg name="Fault" type="PFaultTemplate" direction="out">
        <P>
          The error message reperesenting the details of the fault.
        </P>
      </arg>
    </method>

    <method name="ChangeResource">
      <P>Add or update resource.</P>

      <arg name="Flags" type="RESOURCE_FLAGS">
        <P>Determine whether Put/Update or Insert or Upsert.</P>
      </arg>
      <arg name="To" type="string" serialize-as="!HEADER">
        <P>
          The URI for request. Transferred in the wsa:To header.
        </P>
      </arg>
      <arg name="ResourceURI" type="string" serialize-as="!HEADER">
        <P>
          The URI for the resource we are putting. Transferred in
          the wsman:ResourceURI header.
        </P>
      </arg>
      <arg name="SelectorSet" type="IWsManagement:PSelector"
           serialize-as="!HEADER" list="ListNode_Selector" optional="true">
        <P>
          The selector for the resource instance we are putting.
          Transferred in the wsman:SelectorSet header.
        </P>
      </arg>

      <arg name="NewValue" type="ANYTYPE"
           type-is="NewValueType" selector-is="NewValueSelector"
           serialize-as="text()">
        <P>Dynamically typed new value.</P>
      </arg>
      <arg name="NewValueType" type="QNAME">
        <P>Type of NewValue.</P>
      </arg>
      <arg name="NewValueSelector" type="BITMAP">
        <P>Active fields of NewValue.</P>
      </arg>

      <arg name="Value" type="ANYTYPE" direction="out"
           type-is="pValueType" size-is="ValueSize"
           serialize-as="text()" optional="true">
        <P>Return current value here.</P>
      </arg>
      <arg name="pValueType" type="QNAME" direction="out">
        <P>Type of NewValue is returned here.</P>
      </arg>
      <arg name="ValueSize" type="UINT">
        <P>Size of buffer (Value).</P>
      </arg>
      <arg name="Fault" type="PFaultTemplate" direction="out">
        <P>
          The error message reperesenting the details of the fault.
        </P>
      </arg>
    </method>
    
<!--
    <method name="QueryResource">
      <P>Add or update resource.</P>

      <arg name="ResourceURI" type="string" serialize-as="!HEADER">
        <P>
          The URI for the resource we are putting. Transferred in
          the wsman:ResourceURI header.
        </P>
      </arg>
      <arg name="SelectorSet" type="IWsManagement:PSelector"
           serialize-as="!HEADER" list="ListNode_Selector" optional="true">
        <P>
          The selector for the resource instance we are putting.
          Transferred in the wsman:SelectorSet header.
        </P>
      </arg>
      <arg name="NewValue" type="ANYTYPE"
           type-is="ValueType" selector-is="NewValueSelector"
           serialize-as="text()">
        <P>Dynamically typed new value.</P>
      </arg>
      <arg name="ValueType" type="QNAME">
        <P>Type of NewValue.</P>
      </arg>
      <arg name="NewValueSelector" type="BITMAP">
        <P>Active fields of NewValue.</P>
      </arg>
      <arg name="Value" type="ANYTYPE" direction="out"
           type-is="pValueType" size-is="ValueSize"
           serialize-as="text()" optional="true">
        <P>Return current value here.</P>
      </arg>
      <arg name="pValueType" type="QNAME" direction="out">
        <P>Type of NewValue is returned here.</P>
      </arg>
      <arg name="ValueSize" type="UINT">
        <P>Size of buffer (Value).</P>
      </arg>
    </method>
    -->
    
    <method name="GetResource" serialize-as="text()">
      <arg name="To" type="string" serialize-as="!HEADER">
        <P>
          The URI for request. Transferred in the wsa:To header.
        </P>
      </arg>
      <P>Retrieve values.</P>
      <arg name="ResourceURI" type="string" serialize-as="!HEADER">
        <P>
          The URI for the resource we are getting. Transferred in
          the wsman:ResourceURI header.
        </P>
      </arg>
      <arg name="SelectorSet" type="IWsManagement:PSelector"
           serialize-as="!HEADER" list="ListNode_Selector" optional="true">
        <P>
          The selector for the resource instance we are getting.
          Transferred in the wsman:SelectorSet header.
        </P>
      </arg>
      <arg name="OperationTimeout" type="TIME"
           serialize-as="!HEADER" optional="true">
        <P>
          Timeout for current operation.
          Transferred in the wsman:OperationTimeout header.
        </P>
      </arg>

      <arg name="Value" type="ANYTYPE" direction="out"
           type-is="pValueType" size-is="ValueSize"
           serialize-as="text()">
        <P>Rather than being inherited this interface uses dynamic typing.</P>
      </arg>
      <arg name="pValueType" type="QNAME" direction="out">
        <P>Type of NewValue is returned here.</P>
      </arg>
      <arg name="ValueSize" type="UINT">
        <P>Size of buffer (Value).</P>
      </arg>
      <arg name="Fault" type="PFaultTemplate" direction="out">
        <P>
          The error message reperesenting the details of the fault.
        </P>
      </arg>
    </method>

    <method name="GetResourceByRef" serialize-as="text()">
      <arg name="To" type="string" serialize-as="!HEADER">
        <P>
          The URI for request. Transferred in the wsa:To header.
        </P>
      </arg>
      <P>Retrieve values.</P>
      <arg name="ResourceURI" type="string" serialize-as="!HEADER">
        <P>
          The URI for the resource we are getting. Transferred in
          the wsman:ResourceURI header.
        </P>
      </arg>
      <arg name="SelectorSet" type="IWsManagement:PSelector"
           serialize-as="!HEADER" list="ListNode_Selector" optional="true">
        <P>
          The selector for the resource instance we are getting.
          Transferred in the wsman:SelectorSet header.
        </P>
      </arg>
      <arg name="OperationTimeout" type="TIME"
           serialize-as="!HEADER" optional="true">
        <P>
          Timeout for current operation.
          Transferred in the wsman:OperationTimeout header.
        </P>
      </arg>

      <arg name="pValue" type="PTR*" direction="out" serialize-as="text()">
        <P>Return pointer to resource value for reading and include it in
          current transaction. Note that writing must be done through
          ChangeResource.</P>
      </arg>
      <arg name="pValueType" type="QNAME" direction="out">
        <P>The type of the returned object is returned here.</P>
      </arg>
      <arg name="Fault" type="PFaultTemplate" direction="out">
        <P>
          The error message reperesenting the details of the fault.
        </P>
      </arg>
    </method>

    <method name="KindaCommit" serialize-as="text()">
      <P>Temporary method for terminating transaction started with
        CimResourceGetByReference().</P>
    </method>

  </interface>

</mmlite-spec>
