<?xml version='1.0'?>
<!-- Copyright (c) Microsoft Corporation. All rights reserved. -->
<!-- This file describes the files and directories in this directory -->

<source-files>

<P>The browsable source code is here. Use the table of contents on the left to navigate. Most components are under <A HREF="src/files.htm">src</A>. An un-webified version is available from <A HREF="doc/downloads.htm">downloads</A>.</P>

<dir name="conf">
  <P>has everything that doesn't fit anywhere else:
  dependencies, makefiles, generation scripts, XML configuration files,
  files for the web site. <A HREF="conf/package/files.htm">conf/package</A> is where the components
  are packaged into usable images.
  </P>
</dir>

<dir name="doc">
  <P>is where documentation files reside</P>
</dir>

<dir name="include">
  <P>has include files</P>
</dir>

<dir name="samples">
  <P>has some sample programs and components
  that might either be educative or are included into documentation web
  pages.</P>
</dir>

<dir name="src">
  <P>has most of the actual system. <A HREF="src/base/files.htm">src/base</A>
  is the operating system core. <A HREF="src/web/files.htm">src/web</A> are the web service
  components (that are still under development). Other components are
  grouped under other subdirectories.</P>
</dir>

<dir name="tests">
  <P>has programs for testing the system.</P>
</dir>

</source-files>
