<?xml version='1.0' encoding="iso-8859-1" ?>
<!-- Copyright (c) Microsoft Corporation. All rights reserved. -->
<!-- Included from spec.xml -->
<mmlite-spec xmlns="x-schema:spec-schema.xml">

  <component-group name="_Samples_">
    <P>Sample components.
    </P>
  </component-group>

  <component name="topolino">
    <P>Parallel topology test for temporal analyzer.</P>

    <concrete-class name="Topolino"
                    super-class="DefCob" binding="load">
      <implements prefix="Topolino">IProgram</implements>
      <P>The test program.</P>
      <inherited-method name="QueryInterface"/>
      <inherited-method name="AddRef"/>
      <inherited-method name="Release"/>
    </concrete-class>
  </component>

</mmlite-spec>
