<?xml version='1.0'?>
<!-- Copyright (c) Microsoft Corporation. All rights reserved. -->
<!-- Included from spec.xml -->

<mmlite-spec xmlns="x-schema:spec-schema.xml">

  <component name="base" mygroup="Basics" docob="false">
    <P>Classes that go into the executive.</P>

  <concrete-class name="CNameSpace" type="PNAMESPACE"
                  source-dir="src/base">
    <implements prefix="NameObj">INameSpace</implements>
    <P>Default namespace implementation</P>
    <constructor/>
  </concrete-class>

  <concrete-class name="CNameRanges" type="PNAMESPACE"
                  source-dir="src/base" super-class="CNameSpace">
    <implements prefix="NameObj">INameRanges</implements>
    <P>Extended namespace implementation</P>
  </concrete-class>

  <concrete-class name="CThread" type="PTHREAD" source-dir="src/base">
    <implements prefix="Thread">IThread</implements>
    <uses-interface name="IVmView" />
    <P>Default thread implementation</P>
    <constructor>
      <arg type="IProcess *" name="pProcess">
        <P>The process the new thread belongs to.</P>
      </arg>
      <arg type="THREAD_FUNCTION" name="pStart">
        <P>Where the thread should start running.</P>
      </arg>
      <arg type="THREAD_ARGUMENT" name="Arg">
        <P>An argument to be passed to the entry point.</P>
      </arg>
      <arg type="ADDR_SIZE" name="StackSize">
        <P>The stack size, 0 for default.</P>
      </arg>
      <arg type="PIVMVIEW" name="pVmView" optional="true">
        <P>The virtual memory view, NULL for physical.</P>
      </arg>
    </constructor>
  </concrete-class>

  <concrete-class name="CProcess" type="PPROCESS" source-dir="src/base">
    <implements prefix="Module">IModule</implements>
    <implements prefix="Prc">IProcess</implements>
    <P>Default process implementation</P>
    <constructor type="SCODE" name="ModuleCreate">
      <arg type="const _TCHAR *" name="pName" />
      <arg type="const _TCHAR *" name="pArgs" />
      <arg type="PBYTE" name="StartAddress" />
      <arg type="UINT" name="AddressSize" />
      <arg type="MODULEENTRY" name="EntryPoint" />
      <arg type="PTR" name="ExportData" />
      <arg type="UINT" name="ExportSize" />
      <arg type="PIMODULE *" name="ImportedModules" />
      <arg type="UINT" name="nImportedModules" />
      <arg type="ADDRESS" name="NotAnyMore__Metadata" />
      <arg type="UINT32" name="NotAnyMore__EntryPointToken" />
      <arg type="IModule **" name="ppIModule" />
    </constructor>
  </concrete-class>

  <concrete-class name="BaseRtl" type="PBASERTL"
                  source-dir="src/base">
    <implements prefix="" private="false">IBaseRtl</implements>
    <P>Base export table.</P>
    <subclassed-method name="QueryInterface" implementation-name="BaseRtlQueryInterface"/>
    <subclassed-method name="AddRef" implementation-name="BaseRtlAddRef"/>
    <subclassed-method name="Release" implementation-name="BaseRtlRelease"/>
  </concrete-class>

  <concrete-class name="CPic" type="PPIC"
                  source-dir="src/base">
    <implements prefix="Pic">IPic</implements>
    <P>Default interrupt handling (internal).</P>
    <constructor/>
  </concrete-class>

  </component>

</mmlite-spec>
